date_,project_city,market_name,commodity_name,commodity_category,price_inr,price_usd,unit,price_type,price_flag,source
2022-04-15,Bengaluru,Bengaluru,Ghee (vanaspati),oil and fats,165.1,2.16,KG,Retail,actual,UN WFP / Ministry of Consumer Affairs India
2022-05-15,Bengaluru,Bengaluru,Ghee (vanaspati),oil and fats,163.55,2.1,KG,Retail,actual,UN WFP / Ministry of Consumer Affairs India
2022-06-15,Bengaluru,Bengaluru,Ghee (vanaspati),oil and fats,165.03,2.11,KG,Retail,actual,UN WFP / Ministry of Consumer Affairs India
2022-07-15,Bengaluru,Bengaluru,Ghee (vanaspati),oil and fats,147.97,1.86,KG,Retail,actual,UN WFP / Ministry of Consumer Affairs India
2022-04-15,Bengaluru,Bengaluru,Lentils,pulses and nuts,111.76,1.46,KG,Retail,actual,UN WFP / Ministry of Consumer Affairs India
2022-05-15,Bengaluru,Bengaluru,Lentils,pulses and nuts,110.0,1.42,KG,Retail,actual,UN WFP / Ministry of Consumer Affairs India
2022-06-15,Bengaluru,Bengaluru,Lentils,pulses and nuts,110.13,1.41,KG,Retail,actual,UN WFP / Ministry of Consumer Affairs India
2022-07-15,Bengaluru,Bengaluru,Lentils,pulses and nuts,105.23,1.32,KG,Retail,actual,UN WFP / Ministry of Consumer Affairs India
2022-04-15,Bengaluru,Bengaluru,Lentils (masur),pulses and nuts,110.0,1.44,KG,Retail,actual,UN WFP / Ministry of Consumer Affairs India
2022-05-15,Bengaluru,Bengaluru,Lentils (masur),pulses and nuts,109.84,1.41,KG,Retail,actual,UN WFP / Ministry of Consumer Affairs India
2022-06-15,Bengaluru,Bengaluru,Lentils (masur),pulses and nuts,109.87,1.41,KG,Retail,actual,UN WFP / Ministry of Consumer Affairs India
2022-07-15,Bengaluru,Bengaluru,Lentils (masur),pulses and nuts,108.06,1.35,KG,Retail,actual,UN WFP / Ministry of Consumer Affairs India
2022-04-15,Bengaluru,Bengaluru,Lentils (moong),pulses and nuts,115.9,1.52,KG,Retail,actual,UN WFP / Ministry of Consumer Affairs India
2022-05-15,Bengaluru,Bengaluru,Lentils (moong),pulses and nuts,113.0,1.45,KG,Retail,actual,UN WFP / Ministry of Consumer Affairs India
2022-06-15,Bengaluru,Bengaluru,Lentils (moong),pulses and nuts,115.9,1.48,KG,Retail,actual,UN WFP / Ministry of Consumer Affairs India
2022-04-15,Bengaluru,Bengaluru,Lentils (urad),pulses and nuts,127.17,1.67,KG,Retail,actual,UN WFP / Ministry of Consumer Affairs India
2022-05-15,Bengaluru,Bengaluru,Lentils (urad),pulses and nuts,125.42,1.61,KG,Retail,actual,UN WFP / Ministry of Consumer Affairs India
2022-06-15,Bengaluru,Bengaluru,Lentils (urad),pulses and nuts,125.77,1.61,KG,Retail,actual,UN WFP / Ministry of Consumer Affairs India
2022-07-15,Bengaluru,Bengaluru,Lentils (urad),pulses and nuts,116.26,1.46,KG,Retail,actual,UN WFP / Ministry of Consumer Affairs India
2022-04-15,Bengaluru,Bengaluru,Milk (pasteurized),milk and dairy,41.0,0.54,L,Retail,actual,UN WFP / Ministry of Consumer Affairs India
2022-05-15,Bengaluru,Bengaluru,Milk (pasteurized),milk and dairy,41.16,0.53,L,Retail,actual,UN WFP / Ministry of Consumer Affairs India
2022-06-15,Bengaluru,Bengaluru,Milk (pasteurized),milk and dairy,41.07,0.53,L,Retail,actual,UN WFP / Ministry of Consumer Affairs India
2022-07-15,Bengaluru,Bengaluru,Milk (pasteurized),milk and dairy,41.84,0.52,L,Retail,actual,UN WFP / Ministry of Consumer Affairs India
2022-04-15,Bengaluru,Bengaluru,Oil (groundnut),oil and fats,205.72,2.7,KG,Retail,actual,UN WFP / Ministry of Consumer Affairs India
2022-05-15,Bengaluru,Bengaluru,Oil (groundnut),oil and fats,216.13,2.78,KG,Retail,actual,UN WFP / Ministry of Consumer Affairs India
2022-06-15,Bengaluru,Bengaluru,Oil (groundnut),oil and fats,220.17,2.82,KG,Retail,actual,UN WFP / Ministry of Consumer Affairs India
2022-07-15,Bengaluru,Bengaluru,Oil (groundnut),oil and fats,217.55,2.73,KG,Retail,actual,UN WFP / Ministry of Consumer Affairs India
2022-04-15,Bengaluru,Bengaluru,Oil (mustard),oil and fats,207.97,2.73,KG,Retail,actual,UN WFP / Ministry of Consumer Affairs India
2022-05-15,Bengaluru,Bengaluru,Oil (mustard),oil and fats,199.45,2.57,KG,Retail,actual,UN WFP / Ministry of Consumer Affairs India
2022-06-15,Bengaluru,Bengaluru,Oil (mustard),oil and fats,197.57,2.53,KG,Retail,actual,UN WFP / Ministry of Consumer Affairs India
2022-07-15,Bengaluru,Bengaluru,Oil (mustard),oil and fats,193.65,2.43,KG,Retail,actual,UN WFP / Ministry of Consumer Affairs India
2022-04-15,Bengaluru,Bengaluru,Oil (palm),oil and fats,167.31,2.19,KG,Retail,actual,UN WFP / Ministry of Consumer Affairs India
2022-05-15,Bengaluru,Bengaluru,Oil (palm),oil and fats,171.1,2.2,KG,Retail,actual,UN WFP / Ministry of Consumer Affairs India
2022-06-15,Bengaluru,Bengaluru,Oil (palm),oil and fats,167.8,2.15,KG,Retail,actual,UN WFP / Ministry of Consumer Affairs India
2022-07-15,Bengaluru,Bengaluru,Oil (palm),oil and fats,144.23,1.81,KG,Retail,actual,UN WFP / Ministry of Consumer Affairs India
2022-04-15,Bengaluru,Bengaluru,Oil (soybean),oil and fats,184.21,2.41,KG,Retail,actual,UN WFP / Ministry of Consumer Affairs India
2022-05-15,Bengaluru,Bengaluru,Oil (soybean),oil and fats,183.1,2.36,KG,Retail,actual,UN WFP / Ministry of Consumer Affairs India
2022-06-15,Bengaluru,Bengaluru,Oil (soybean),oil and fats,180.03,2.3,KG,Retail,actual,UN WFP / Ministry of Consumer Affairs India
2022-07-15,Bengaluru,Bengaluru,Oil (soybean),oil and fats,174.19,2.18,KG,Retail,actual,UN WFP / Ministry of Consumer Affairs India
2022-04-15,Bengaluru,Bengaluru,Oil (sunflower),oil and fats,190.72,2.5,KG,Retail,actual,UN WFP / Ministry of Consumer Affairs India
2022-05-15,Bengaluru,Bengaluru,Oil (sunflower),oil and fats,192.32,2.48,KG,Retail,actual,UN WFP / Ministry of Consumer Affairs India
2022-06-15,Bengaluru,Bengaluru,Oil (sunflower),oil and fats,192.4,2.46,KG,Retail,actual,UN WFP / Ministry of Consumer Affairs India
2022-07-15,Bengaluru,Bengaluru,Oil (sunflower),oil and fats,179.74,2.25,KG,Retail,actual,UN WFP / Ministry of Consumer Affairs India
2022-04-15,Bengaluru,Bengaluru,Onions,vegetables and fruits,22.17,0.29,KG,Retail,actual,UN WFP / Ministry of Consumer Affairs India
2022-05-15,Bengaluru,Bengaluru,Onions,vegetables and fruits,17.71,0.23,KG,Retail,actual,UN WFP / Ministry of Consumer Affairs India
2022-06-15,Bengaluru,Bengaluru,Onions,vegetables and fruits,22.43,0.29,KG,Retail,actual,UN WFP / Ministry of Consumer Affairs India
2022-07-15,Bengaluru,Bengaluru,Onions,vegetables and fruits,24.9,0.31,KG,Retail,actual,UN WFP / Ministry of Consumer Affairs India
2022-04-15,Bengaluru,Bengaluru,Potatoes,cereals and tubers,22.69,0.3,KG,Retail,actual,UN WFP / Ministry of Consumer Affairs India
2022-05-15,Bengaluru,Bengaluru,Potatoes,cereals and tubers,23.48,0.3,KG,Retail,actual,UN WFP / Ministry of Consumer Affairs India
2022-06-15,Bengaluru,Bengaluru,Potatoes,cereals and tubers,24.0,0.31,KG,Retail,actual,UN WFP / Ministry of Consumer Affairs India
2022-07-15,Bengaluru,Bengaluru,Potatoes,cereals and tubers,19.81,0.25,KG,Retail,actual,UN WFP / Ministry of Consumer Affairs India
2022-04-15,Bengaluru,Bengaluru,Rice,cereals and tubers,44.48,0.58,KG,Retail,actual,UN WFP / Ministry of Consumer Affairs India
2022-05-15,Bengaluru,Bengaluru,Rice,cereals and tubers,44.65,0.57,KG,Retail,actual,UN WFP / Ministry of Consumer Affairs India
2022-06-15,Bengaluru,Bengaluru,Rice,cereals and tubers,43.2,0.55,KG,Retail,actual,UN WFP / Ministry of Consumer Affairs India
2022-07-15,Bengaluru,Bengaluru,Rice,cereals and tubers,45.94,0.58,KG,Retail,actual,UN WFP / Ministry of Consumer Affairs India
2022-04-15,Bengaluru,Bengaluru,Salt (iodised),miscellaneous food,15.0,0.2,KG,Retail,actual,UN WFP / Ministry of Consumer Affairs India
2022-05-15,Bengaluru,Bengaluru,Salt (iodised),miscellaneous food,15.16,0.2,KG,Retail,actual,UN WFP / Ministry of Consumer Affairs India
2022-06-15,Bengaluru,Bengaluru,Salt (iodised),miscellaneous food,16.4,0.21,KG,Retail,actual,UN WFP / Ministry of Consumer Affairs India
2022-07-15,Bengaluru,Bengaluru,Salt (iodised),miscellaneous food,18.87,0.24,KG,Retail,actual,UN WFP / Ministry of Consumer Affairs India
2022-04-15,Bengaluru,Bengaluru,Sugar,miscellaneous food,46.17,0.61,KG,Retail,actual,UN WFP / Ministry of Consumer Affairs India
2022-05-15,Bengaluru,Bengaluru,Sugar,miscellaneous food,49.94,0.64,KG,Retail,actual,UN WFP / Ministry of Consumer Affairs India
2022-06-15,Bengaluru,Bengaluru,Sugar,miscellaneous food,47.73,0.61,KG,Retail,actual,UN WFP / Ministry of Consumer Affairs India
2022-07-15,Bengaluru,Bengaluru,Sugar,miscellaneous food,42.45,0.53,KG,Retail,actual,UN WFP / Ministry of Consumer Affairs India
2022-04-15,Bengaluru,Bengaluru,Sugar (jaggery/gur),miscellaneous food,70.0,0.92,KG,Retail,actual,UN WFP / Ministry of Consumer Affairs India
2022-07-15,Bengaluru,Bengaluru,Sugar (jaggery/gur),miscellaneous food,68.06,0.85,KG,Retail,actual,UN WFP / Ministry of Consumer Affairs India
2022-04-15,Bengaluru,Bengaluru,Tea (black),miscellaneous food,466.24,6.11,KG,Retail,actual,UN WFP / Ministry of Consumer Affairs India
2022-05-15,Bengaluru,Bengaluru,Tea (black),miscellaneous food,470.32,6.05,KG,Retail,actual,UN WFP / Ministry of Consumer Affairs India
2022-06-15,Bengaluru,Bengaluru,Tea (black),miscellaneous food,467.0,5.98,KG,Retail,actual,UN WFP / Ministry of Consumer Affairs India
2022-07-15,Bengaluru,Bengaluru,Tea (black),miscellaneous food,395.32,4.96,KG,Retail,actual,UN WFP / Ministry of Consumer Affairs India
2022-04-15,Bengaluru,Bengaluru,Tomatoes,vegetables and fruits,15.59,0.2,KG,Retail,actual,UN WFP / Ministry of Consumer Affairs India
2022-05-15,Bengaluru,Bengaluru,Tomatoes,vegetables and fruits,65.9,0.85,KG,Retail,actual,UN WFP / Ministry of Consumer Affairs India
2022-06-15,Bengaluru,Bengaluru,Tomatoes,vegetables and fruits,57.77,0.74,KG,Retail,actual,UN WFP / Ministry of Consumer Affairs India
2022-07-15,Bengaluru,Bengaluru,Tomatoes,vegetables and fruits,17.74,0.22,KG,Retail,actual,UN WFP / Ministry of Consumer Affairs India
2022-04-15,Bengaluru,Bengaluru,Wheat,cereals and tubers,35.93,0.47,KG,Retail,actual,UN WFP / Ministry of Consumer Affairs India
2022-05-15,Bengaluru,Bengaluru,Wheat,cereals and tubers,36.55,0.47,KG,Retail,actual,UN WFP / Ministry of Consumer Affairs India
2022-06-15,Bengaluru,Bengaluru,Wheat,cereals and tubers,34.97,0.45,KG,Retail,actual,UN WFP / Ministry of Consumer Affairs India
2022-07-15,Bengaluru,Bengaluru,Wheat,cereals and tubers,36.48,0.46,KG,Retail,actual,UN WFP / Ministry of Consumer Affairs India
2022-04-15,Bengaluru,Bengaluru,Wheat flour,cereals and tubers,38.48,0.5,KG,Retail,actual,UN WFP / Ministry of Consumer Affairs India
2022-05-15,Bengaluru,Bengaluru,Wheat flour,cereals and tubers,39.58,0.51,KG,Retail,actual,UN WFP / Ministry of Consumer Affairs India
2022-06-15,Bengaluru,Bengaluru,Wheat flour,cereals and tubers,41.23,0.53,KG,Retail,actual,UN WFP / Ministry of Consumer Affairs India
2022-07-15,Bengaluru,Bengaluru,Wheat flour,cereals and tubers,42.26,0.53,KG,Retail,actual,UN WFP / Ministry of Consumer Affairs India
2022-04-15,Delhi,Delhi,Ghee (vanaspati),oil and fats,185.73,2.43,KG,Retail,actual,UN WFP / Ministry of Consumer Affairs India
2022-05-15,Delhi,Delhi,Ghee (vanaspati),oil and fats,190.58,2.45,KG,Retail,actual,UN WFP / Ministry of Consumer Affairs India
2022-06-15,Delhi,Delhi,Ghee (vanaspati),oil and fats,188.93,2.42,KG,Retail,actual,UN WFP / Ministry of Consumer Affairs India
2022-07-15,Delhi,Delhi,Ghee (vanaspati),oil and fats,175.84,2.2,KG,Retail,actual,UN WFP / Ministry of Consumer Affairs India
2022-04-15,Delhi,Delhi,Lentils,pulses and nuts,102.67,1.35,KG,Retail,actual,UN WFP / Ministry of Consumer Affairs India
2022-05-15,Delhi,Delhi,Lentils,pulses and nuts,102.97,1.33,KG,Retail,actual,UN WFP / Ministry of Consumer Affairs India
2022-06-15,Delhi,Delhi,Lentils,pulses and nuts,105.37,1.35,KG,Retail,actual,UN WFP / Ministry of Consumer Affairs India
2022-07-15,Delhi,Delhi,Lentils,pulses and nuts,103.29,1.3,KG,Retail,actual,UN WFP / Ministry of Consumer Affairs India
2022-04-15,Delhi,Delhi,Lentils (masur),pulses and nuts,93.63,1.23,KG,Retail,actual,UN WFP / Ministry of Consumer Affairs India
2022-05-15,Delhi,Delhi,Lentils (masur),pulses and nuts,96.87,1.25,KG,Retail,actual,UN WFP / Ministry of Consumer Affairs India
2022-06-15,Delhi,Delhi,Lentils (masur),pulses and nuts,95.63,1.22,KG,Retail,actual,UN WFP / Ministry of Consumer Affairs India
2022-07-15,Delhi,Delhi,Lentils (masur),pulses and nuts,92.06,1.15,KG,Retail,actual,UN WFP / Ministry of Consumer Affairs India
2022-04-15,Delhi,Delhi,Lentils (moong),pulses and nuts,103.1,1.35,KG,Retail,actual,UN WFP / Ministry of Consumer Affairs India
2022-05-15,Delhi,Delhi,Lentils (moong),pulses and nuts,105.03,1.35,KG,Retail,actual,UN WFP / Ministry of Consumer Affairs India
2022-06-15,Delhi,Delhi,Lentils (moong),pulses and nuts,99.9,1.28,KG,Retail,actual,UN WFP / Ministry of Consumer Affairs India
2022-07-15,Delhi,Delhi,Lentils (moong),pulses and nuts,99.61,1.25,KG,Retail,actual,UN WFP / Ministry of Consumer Affairs India
2022-04-15,Delhi,Delhi,Lentils (urad),pulses and nuts,109.5,1.43,KG,Retail,actual,UN WFP / Ministry of Consumer Affairs India
2022-05-15,Delhi,Delhi,Lentils (urad),pulses and nuts,114.58,1.47,KG,Retail,actual,UN WFP / Ministry of Consumer Affairs India
2022-06-15,Delhi,Delhi,Lentils (urad),pulses and nuts,118.73,1.52,KG,Retail,actual,UN WFP / Ministry of Consumer Affairs India
2022-07-15,Delhi,Delhi,Lentils (urad),pulses and nuts,115.84,1.45,KG,Retail,actual,UN WFP / Ministry of Consumer Affairs India
2022-04-15,Delhi,Delhi,Milk (pasteurized),milk and dairy,50.0,0.66,L,Retail,actual,UN WFP / Ministry of Consumer Affairs India
2022-05-15,Delhi,Delhi,Milk (pasteurized),milk and dairy,50.0,0.64,L,Retail,actual,UN WFP / Ministry of Consumer Affairs India
2022-06-15,Delhi,Delhi,Milk (pasteurized),milk and dairy,50.0,0.64,L,Retail,actual,UN WFP / Ministry of Consumer Affairs India
2022-07-15,Delhi,Delhi,Milk (pasteurized),milk and dairy,50.0,0.63,L,Retail,actual,UN WFP / Ministry of Consumer Affairs India
2022-04-15,Delhi,Delhi,Oil (groundnut),oil and fats,205.6,2.69,KG,Retail,actual,UN WFP / Ministry of Consumer Affairs India
2022-05-15,Delhi,Delhi,Oil (groundnut),oil and fats,215.61,2.78,KG,Retail,actual,UN WFP / Ministry of Consumer Affairs India
2022-06-15,Delhi,Delhi,Oil (groundnut),oil and fats,208.27,2.67,KG,Retail,actual,UN WFP / Ministry of Consumer Affairs India
2022-07-15,Delhi,Delhi,Oil (groundnut),oil and fats,205.87,2.58,KG,Retail,actual,UN WFP / Ministry of Consumer Affairs India
2022-04-15,Delhi,Delhi,Oil (mustard),oil and fats,195.63,2.56,KG,Retail,actual,UN WFP / Ministry of Consumer Affairs India
2022-05-15,Delhi,Delhi,Oil (mustard),oil and fats,197.77,2.55,KG,Retail,actual,UN WFP / Ministry of Consumer Affairs India
2022-06-15,Delhi,Delhi,Oil (mustard),oil and fats,184.33,2.36,KG,Retail,actual,UN WFP / Ministry of Consumer Affairs India
2022-07-15,Delhi,Delhi,Oil (mustard),oil and fats,182.26,2.29,KG,Retail,actual,UN WFP / Ministry of Consumer Affairs India
2022-04-15,Delhi,Delhi,Oil (palm),oil and fats,167.33,2.19,KG,Retail,actual,UN WFP / Ministry of Consumer Affairs India
2022-05-15,Delhi,Delhi,Oil (palm),oil and fats,175.0,2.25,KG,Retail,actual,UN WFP / Ministry of Consumer Affairs India
2022-06-15,Delhi,Delhi,Oil (palm),oil and fats,162.57,2.08,KG,Retail,actual,UN WFP / Ministry of Consumer Affairs India
2022-07-15,Delhi,Delhi,Oil (palm),oil and fats,145.13,1.82,KG,Retail,actual,UN WFP / Ministry of Consumer Affairs India
2022-04-15,Delhi,Delhi,Oil (soybean),oil and fats,184.23,2.41,KG,Retail,actual,UN WFP / Ministry of Consumer Affairs India
2022-05-15,Delhi,Delhi,Oil (soybean),oil and fats,196.03,2.52,KG,Retail,actual,UN WFP / Ministry of Consumer Affairs India
2022-06-15,Delhi,Delhi,Oil (soybean),oil and fats,181.67,2.32,KG,Retail,actual,UN WFP / Ministry of Consumer Affairs India
2022-07-15,Delhi,Delhi,Oil (soybean),oil and fats,162.45,2.04,KG,Retail,actual,UN WFP / Ministry of Consumer Affairs India
2022-04-15,Delhi,Delhi,Oil (sunflower),oil and fats,198.97,2.61,KG,Retail,actual,UN WFP / Ministry of Consumer Affairs India
2022-05-15,Delhi,Delhi,Oil (sunflower),oil and fats,215.94,2.78,KG,Retail,actual,UN WFP / Ministry of Consumer Affairs India
2022-06-15,Delhi,Delhi,Oil (sunflower),oil and fats,218.47,2.8,KG,Retail,actual,UN WFP / Ministry of Consumer Affairs India
2022-07-15,Delhi,Delhi,Oil (sunflower),oil and fats,208.58,2.62,KG,Retail,actual,UN WFP / Ministry of Consumer Affairs India
2022-04-15,Delhi,Delhi,Onions,vegetables and fruits,27.93,0.37,KG,Retail,actual,UN WFP / Ministry of Consumer Affairs India
2022-05-15,Delhi,Delhi,Onions,vegetables and fruits,24.65,0.32,KG,Retail,actual,UN WFP / Ministry of Consumer Affairs India
2022-06-15,Delhi,Delhi,Onions,vegetables and fruits,26.37,0.34,KG,Retail,actual,UN WFP / Ministry of Consumer Affairs India
2022-07-15,Delhi,Delhi,Onions,vegetables and fruits,27.87,0.35,KG,Retail,actual,UN WFP / Ministry of Consumer Affairs India
2022-04-15,Delhi,Delhi,Potatoes,cereals and tubers,17.2,0.23,KG,Retail,actual,UN WFP / Ministry of Consumer Affairs India
2022-05-15,Delhi,Delhi,Potatoes,cereals and tubers,19.74,0.25,KG,Retail,actual,UN WFP / Ministry of Consumer Affairs India
2022-06-15,Delhi,Delhi,Potatoes,cereals and tubers,23.8,0.3,KG,Retail,actual,UN WFP / Ministry of Consumer Affairs India
2022-07-15,Delhi,Delhi,Potatoes,cereals and tubers,26.77,0.34,KG,Retail,actual,UN WFP / Ministry of Consumer Affairs India
2022-04-15,Delhi,Delhi,Rice,cereals and tubers,31.67,0.42,KG,Retail,actual,UN WFP / Ministry of Consumer Affairs India
2022-05-15,Delhi,Delhi,Rice,cereals and tubers,32.0,0.41,KG,Retail,actual,UN WFP / Ministry of Consumer Affairs India
2022-06-15,Delhi,Delhi,Rice,cereals and tubers,32.1,0.41,KG,Retail,actual,UN WFP / Ministry of Consumer Affairs India
2022-07-15,Delhi,Delhi,Rice,cereals and tubers,32.32,0.41,KG,Retail,actual,UN WFP / Ministry of Consumer Affairs India
2022-04-15,Delhi,Delhi,Salt (iodised),miscellaneous food,22.83,0.3,KG,Retail,actual,UN WFP / Ministry of Consumer Affairs India
2022-05-15,Delhi,Delhi,Salt (iodised),miscellaneous food,23.52,0.3,KG,Retail,actual,UN WFP / Ministry of Consumer Affairs India
2022-06-15,Delhi,Delhi,Salt (iodised),miscellaneous food,24.0,0.31,KG,Retail,actual,UN WFP / Ministry of Consumer Affairs India
2022-07-15,Delhi,Delhi,Salt (iodised),miscellaneous food,24.0,0.3,KG,Retail,actual,UN WFP / Ministry of Consumer Affairs India
2022-04-15,Delhi,Delhi,Sugar,miscellaneous food,41.03,0.54,KG,Retail,actual,UN WFP / Ministry of Consumer Affairs India
2022-05-15,Delhi,Delhi,Sugar,miscellaneous food,40.48,0.52,KG,Retail,actual,UN WFP / Ministry of Consumer Affairs India
2022-06-15,Delhi,Delhi,Sugar,miscellaneous food,40.13,0.51,KG,Retail,actual,UN WFP / Ministry of Consumer Affairs India
2022-07-15,Delhi,Delhi,Sugar,miscellaneous food,41.13,0.52,KG,Retail,actual,UN WFP / Ministry of Consumer Affairs India
2022-04-15,Delhi,Delhi,Sugar (jaggery/gur),miscellaneous food,51.17,0.67,KG,Retail,actual,UN WFP / Ministry of Consumer Affairs India
2022-05-15,Delhi,Delhi,Sugar (jaggery/gur),miscellaneous food,52.94,0.68,KG,Retail,actual,UN WFP / Ministry of Consumer Affairs India
2022-06-15,Delhi,Delhi,Sugar (jaggery/gur),miscellaneous food,53.43,0.68,KG,Retail,actual,UN WFP / Ministry of Consumer Affairs India
2022-07-15,Delhi,Delhi,Sugar (jaggery/gur),miscellaneous food,57.13,0.72,KG,Retail,actual,UN WFP / Ministry of Consumer Affairs India
2022-04-15,Delhi,Delhi,Tea (black),miscellaneous food,224.57,2.94,KG,Retail,actual,UN WFP / Ministry of Consumer Affairs India
2022-05-15,Delhi,Delhi,Tea (black),miscellaneous food,225.39,2.9,KG,Retail,actual,UN WFP / Ministry of Consumer Affairs India
2022-06-15,Delhi,Delhi,Tea (black),miscellaneous food,226.37,2.9,KG,Retail,actual,UN WFP / Ministry of Consumer Affairs India
2022-07-15,Delhi,Delhi,Tea (black),miscellaneous food,231.94,2.91,KG,Retail,actual,UN WFP / Ministry of Consumer Affairs India
2022-04-15,Delhi,Delhi,Tomatoes,vegetables and fruits,29.43,0.39,KG,Retail,actual,UN WFP / Ministry of Consumer Affairs India
2022-05-15,Delhi,Delhi,Tomatoes,vegetables and fruits,32.87,0.42,KG,Retail,actual,UN WFP / Ministry of Consumer Affairs India
2022-06-15,Delhi,Delhi,Tomatoes,vegetables and fruits,46.87,0.6,KG,Retail,actual,UN WFP / Ministry of Consumer Affairs India
2022-07-15,Delhi,Delhi,Tomatoes,vegetables and fruits,41.77,0.52,KG,Retail,actual,UN WFP / Ministry of Consumer Affairs India
2022-04-15,Delhi,Delhi,Wheat,cereals and tubers,25.0,0.33,KG,Retail,actual,UN WFP / Ministry of Consumer Affairs India
2022-05-15,Delhi,Delhi,Wheat,cereals and tubers,25.0,0.32,KG,Retail,actual,UN WFP / Ministry of Consumer Affairs India
2022-06-15,Delhi,Delhi,Wheat,cereals and tubers,22.86,0.29,KG,Retail,actual,UN WFP / Ministry of Consumer Affairs India
2022-07-15,Delhi,Delhi,Wheat,cereals and tubers,24.0,0.3,KG,Retail,actual,UN WFP / Ministry of Consumer Affairs India
2022-04-15,Delhi,Delhi,Wheat flour,cereals and tubers,26.3,0.34,KG,Retail,actual,UN WFP / Ministry of Consumer Affairs India
2022-05-15,Delhi,Delhi,Wheat flour,cereals and tubers,27.13,0.35,KG,Retail,actual,UN WFP / Ministry of Consumer Affairs India
2022-06-15,Delhi,Delhi,Wheat flour,cereals and tubers,27.6,0.35,KG,Retail,actual,UN WFP / Ministry of Consumer Affairs India
2022-07-15,Delhi,Delhi,Wheat flour,cereals and tubers,28.13,0.35,KG,Retail,actual,UN WFP / Ministry of Consumer Affairs India
2022-04-15,HR-NCR,Gurgaon,Ghee (vanaspati),oil and fats,140.0,1.83,KG,Retail,actual,UN WFP / Ministry of Consumer Affairs India
2022-05-15,HR-NCR,Gurgaon,Ghee (vanaspati),oil and fats,142.67,1.84,KG,Retail,actual,UN WFP / Ministry of Consumer Affairs India
2022-06-15,HR-NCR,Gurgaon,Ghee (vanaspati),oil and fats,143.0,1.83,KG,Retail,actual,UN WFP / Ministry of Consumer Affairs India
2022-07-15,HR-NCR,Gurgaon,Ghee (vanaspati),oil and fats,143.0,1.79,KG,Retail,actual,UN WFP / Ministry of Consumer Affairs India
2022-04-15,HR-NCR,Gurgaon,Lentils,pulses and nuts,101.0,1.32,KG,Retail,actual,UN WFP / Ministry of Consumer Affairs India
2022-05-15,HR-NCR,Gurgaon,Lentils,pulses and nuts,101.89,1.31,KG,Retail,actual,UN WFP / Ministry of Consumer Affairs India
2022-06-15,HR-NCR,Gurgaon,Lentils,pulses and nuts,102.0,1.31,KG,Retail,actual,UN WFP / Ministry of Consumer Affairs India
2022-07-15,HR-NCR,Gurgaon,Lentils,pulses and nuts,102.0,1.28,KG,Retail,actual,UN WFP / Ministry of Consumer Affairs India
2022-04-15,HR-NCR,Gurgaon,Lentils (masur),pulses and nuts,89.0,1.17,KG,Retail,actual,UN WFP / Ministry of Consumer Affairs India
2022-05-15,HR-NCR,Gurgaon,Lentils (masur),pulses and nuts,89.89,1.16,KG,Retail,actual,UN WFP / Ministry of Consumer Affairs India
2022-06-15,HR-NCR,Gurgaon,Lentils (masur),pulses and nuts,90.0,1.15,KG,Retail,actual,UN WFP / Ministry of Consumer Affairs India
2022-07-15,HR-NCR,Gurgaon,Lentils (masur),pulses and nuts,90.0,1.13,KG,Retail,actual,UN WFP / Ministry of Consumer Affairs India
2022-04-15,HR-NCR,Gurgaon,Lentils (moong),pulses and nuts,93.0,1.22,KG,Retail,actual,UN WFP / Ministry of Consumer Affairs India
2022-05-15,HR-NCR,Gurgaon,Lentils (moong),pulses and nuts,94.79,1.22,KG,Retail,actual,UN WFP / Ministry of Consumer Affairs India
2022-06-15,HR-NCR,Gurgaon,Lentils (moong),pulses and nuts,95.0,1.22,KG,Retail,actual,UN WFP / Ministry of Consumer Affairs India
2022-07-15,HR-NCR,Gurgaon,Lentils (moong),pulses and nuts,95.0,1.19,KG,Retail,actual,UN WFP / Ministry of Consumer Affairs India
2022-04-15,HR-NCR,Gurgaon,Lentils (urad),pulses and nuts,89.0,1.17,KG,Retail,actual,UN WFP / Ministry of Consumer Affairs India
2022-05-15,HR-NCR,Gurgaon,Lentils (urad),pulses and nuts,89.89,1.16,KG,Retail,actual,UN WFP / Ministry of Consumer Affairs India
2022-06-15,HR-NCR,Gurgaon,Lentils (urad),pulses and nuts,90.0,1.15,KG,Retail,actual,UN WFP / Ministry of Consumer Affairs India
2022-07-15,HR-NCR,Gurgaon,Lentils (urad),pulses and nuts,90.0,1.13,KG,Retail,actual,UN WFP / Ministry of Consumer Affairs India
2022-04-15,HR-NCR,Gurgaon,Milk (pasteurized),milk and dairy,56.0,0.73,L,Retail,actual,UN WFP / Ministry of Consumer Affairs India
2022-05-15,HR-NCR,Gurgaon,Milk (pasteurized),milk and dairy,56.0,0.72,L,Retail,actual,UN WFP / Ministry of Consumer Affairs India
2022-06-15,HR-NCR,Gurgaon,Milk (pasteurized),milk and dairy,56.0,0.72,L,Retail,actual,UN WFP / Ministry of Consumer Affairs India
2022-07-15,HR-NCR,Gurgaon,Milk (pasteurized),milk and dairy,56.0,0.7,L,Retail,actual,UN WFP / Ministry of Consumer Affairs India
2022-04-15,HR-NCR,Gurgaon,Oil (groundnut),oil and fats,176.0,2.31,KG,Retail,actual,UN WFP / Ministry of Consumer Affairs India
2022-05-15,HR-NCR,Gurgaon,Oil (groundnut),oil and fats,184.89,2.38,KG,Retail,actual,UN WFP / Ministry of Consumer Affairs India
2022-06-15,HR-NCR,Gurgaon,Oil (groundnut),oil and fats,186.0,2.38,KG,Retail,actual,UN WFP / Ministry of Consumer Affairs India
2022-07-15,HR-NCR,Gurgaon,Oil (groundnut),oil and fats,186.0,2.33,KG,Retail,actual,UN WFP / Ministry of Consumer Affairs India
2022-04-15,HR-NCR,Gurgaon,Oil (mustard),oil and fats,172.0,2.25,KG,Retail,actual,UN WFP / Ministry of Consumer Affairs India
2022-05-15,HR-NCR,Gurgaon,Oil (mustard),oil and fats,181.78,2.34,KG,Retail,actual,UN WFP / Ministry of Consumer Affairs India
2022-06-15,HR-NCR,Gurgaon,Oil (mustard),oil and fats,183.0,2.34,KG,Retail,actual,UN WFP / Ministry of Consumer Affairs India
2022-07-15,HR-NCR,Gurgaon,Oil (mustard),oil and fats,183.0,2.29,KG,Retail,actual,UN WFP / Ministry of Consumer Affairs India
2022-04-15,HR-NCR,Gurgaon,Oil (palm),oil and fats,143.0,1.87,KG,Retail,actual,UN WFP / Ministry of Consumer Affairs India
2022-05-15,HR-NCR,Gurgaon,Oil (palm),oil and fats,144.78,1.86,KG,Retail,actual,UN WFP / Ministry of Consumer Affairs India
2022-06-15,HR-NCR,Gurgaon,Oil (palm),oil and fats,145.0,1.86,KG,Retail,actual,UN WFP / Ministry of Consumer Affairs India
2022-07-15,HR-NCR,Gurgaon,Oil (palm),oil and fats,145.0,1.82,KG,Retail,actual,UN WFP / Ministry of Consumer Affairs India
2022-04-15,HR-NCR,Gurgaon,Oil (soybean),oil and fats,143.0,1.87,KG,Retail,actual,UN WFP / Ministry of Consumer Affairs India
2022-05-15,HR-NCR,Gurgaon,Oil (soybean),oil and fats,145.67,1.87,KG,Retail,actual,UN WFP / Ministry of Consumer Affairs India
2022-06-15,HR-NCR,Gurgaon,Oil (soybean),oil and fats,146.0,1.87,KG,Retail,actual,UN WFP / Ministry of Consumer Affairs India
2022-07-15,HR-NCR,Gurgaon,Oil (soybean),oil and fats,146.0,1.83,KG,Retail,actual,UN WFP / Ministry of Consumer Affairs India
2022-04-15,HR-NCR,Gurgaon,Oil (sunflower),oil and fats,153.0,2.0,KG,Retail,actual,UN WFP / Ministry of Consumer Affairs India
2022-05-15,HR-NCR,Gurgaon,Oil (sunflower),oil and fats,158.33,2.04,KG,Retail,actual,UN WFP / Ministry of Consumer Affairs India
2022-06-15,HR-NCR,Gurgaon,Oil (sunflower),oil and fats,159.0,2.03,KG,Retail,actual,UN WFP / Ministry of Consumer Affairs India
2022-07-15,HR-NCR,Gurgaon,Oil (sunflower),oil and fats,159.0,1.99,KG,Retail,actual,UN WFP / Ministry of Consumer Affairs India
2022-04-15,HR-NCR,Gurgaon,Onions,vegetables and fruits,25.36,0.33,KG,Retail,actual,UN WFP / Ministry of Consumer Affairs India
2022-05-15,HR-NCR,Gurgaon,Onions,vegetables and fruits,20.0,0.26,KG,Retail,actual,UN WFP / Ministry of Consumer Affairs India
2022-06-15,HR-NCR,Gurgaon,Onions,vegetables and fruits,20.0,0.26,KG,Retail,actual,UN WFP / Ministry of Consumer Affairs India
2022-07-15,HR-NCR,Gurgaon,Onions,vegetables and fruits,20.0,0.25,KG,Retail,actual,UN WFP / Ministry of Consumer Affairs India
2022-04-15,HR-NCR,Gurgaon,Potatoes,cereals and tubers,21.07,0.28,KG,Retail,actual,UN WFP / Ministry of Consumer Affairs India
2022-05-15,HR-NCR,Gurgaon,Potatoes,cereals and tubers,25.0,0.32,KG,Retail,actual,UN WFP / Ministry of Consumer Affairs India
2022-06-15,HR-NCR,Gurgaon,Potatoes,cereals and tubers,25.0,0.32,KG,Retail,actual,UN WFP / Ministry of Consumer Affairs India
2022-07-15,HR-NCR,Gurgaon,Potatoes,cereals and tubers,25.0,0.31,KG,Retail,actual,UN WFP / Ministry of Consumer Affairs India
2022-04-15,HR-NCR,Gurgaon,Rice,cereals and tubers,38.0,0.5,KG,Retail,actual,UN WFP / Ministry of Consumer Affairs India
2022-05-15,HR-NCR,Gurgaon,Rice,cereals and tubers,39.79,0.51,KG,Retail,actual,UN WFP / Ministry of Consumer Affairs India
2022-06-15,HR-NCR,Gurgaon,Rice,cereals and tubers,40.0,0.51,KG,Retail,actual,UN WFP / Ministry of Consumer Affairs India
2022-07-15,HR-NCR,Gurgaon,Rice,cereals and tubers,40.0,0.5,KG,Retail,actual,UN WFP / Ministry of Consumer Affairs India
2022-04-15,HR-NCR,Gurgaon,Salt (iodised),miscellaneous food,15.0,0.2,KG,Retail,actual,UN WFP / Ministry of Consumer Affairs India
2022-05-15,HR-NCR,Gurgaon,Salt (iodised),miscellaneous food,19.47,0.25,KG,Retail,actual,UN WFP / Ministry of Consumer Affairs India
2022-06-15,HR-NCR,Gurgaon,Salt (iodised),miscellaneous food,20.0,0.26,KG,Retail,actual,UN WFP / Ministry of Consumer Affairs India
2022-07-15,HR-NCR,Gurgaon,Salt (iodised),miscellaneous food,20.0,0.25,KG,Retail,actual,UN WFP / Ministry of Consumer Affairs India
2022-04-15,HR-NCR,Gurgaon,Sugar,miscellaneous food,42.0,0.55,KG,Retail,actual,UN WFP / Ministry of Consumer Affairs India
2022-05-15,HR-NCR,Gurgaon,Sugar,miscellaneous food,44.68,0.58,KG,Retail,actual,UN WFP / Ministry of Consumer Affairs India
2022-06-15,HR-NCR,Gurgaon,Sugar,miscellaneous food,45.0,0.58,KG,Retail,actual,UN WFP / Ministry of Consumer Affairs India
2022-07-15,HR-NCR,Gurgaon,Sugar,miscellaneous food,45.0,0.56,KG,Retail,actual,UN WFP / Ministry of Consumer Affairs India
2022-04-15,HR-NCR,Gurgaon,Sugar (jaggery/gur),miscellaneous food,40.0,0.52,KG,Retail,actual,UN WFP / Ministry of Consumer Affairs India
2022-05-15,HR-NCR,Gurgaon,Sugar (jaggery/gur),miscellaneous food,43.58,0.56,KG,Retail,actual,UN WFP / Ministry of Consumer Affairs India
2022-06-15,HR-NCR,Gurgaon,Sugar (jaggery/gur),miscellaneous food,44.0,0.56,KG,Retail,actual,UN WFP / Ministry of Consumer Affairs India
2022-07-15,HR-NCR,Gurgaon,Sugar (jaggery/gur),miscellaneous food,44.0,0.55,KG,Retail,actual,UN WFP / Ministry of Consumer Affairs India
2022-04-15,HR-NCR,Gurgaon,Tea (black),miscellaneous food,297.0,3.89,KG,Retail,actual,UN WFP / Ministry of Consumer Affairs India
2022-05-15,HR-NCR,Gurgaon,Tea (black),miscellaneous food,335.47,4.32,KG,Retail,actual,UN WFP / Ministry of Consumer Affairs India
2022-06-15,HR-NCR,Gurgaon,Tea (black),miscellaneous food,340.0,4.35,KG,Retail,actual,UN WFP / Ministry of Consumer Affairs India
2022-07-15,HR-NCR,Gurgaon,Tea (black),miscellaneous food,340.0,4.26,KG,Retail,actual,UN WFP / Ministry of Consumer Affairs India
2022-04-15,HR-NCR,Gurgaon,Tomatoes,vegetables and fruits,27.5,0.36,KG,Retail,actual,UN WFP / Ministry of Consumer Affairs India
2022-05-15,HR-NCR,Gurgaon,Tomatoes,vegetables and fruits,25.0,0.32,KG,Retail,actual,UN WFP / Ministry of Consumer Affairs India
2022-06-15,HR-NCR,Gurgaon,Tomatoes,vegetables and fruits,25.0,0.32,KG,Retail,actual,UN WFP / Ministry of Consumer Affairs India
2022-07-15,HR-NCR,Gurgaon,Tomatoes,vegetables and fruits,25.0,0.31,KG,Retail,actual,UN WFP / Ministry of Consumer Affairs India
2022-04-15,HR-NCR,Gurgaon,Wheat,cereals and tubers,24.0,0.31,KG,Retail,actual,UN WFP / Ministry of Consumer Affairs India
2022-05-15,HR-NCR,Gurgaon,Wheat,cereals and tubers,24.89,0.32,KG,Retail,actual,UN WFP / Ministry of Consumer Affairs India
2022-06-15,HR-NCR,Gurgaon,Wheat,cereals and tubers,25.0,0.32,KG,Retail,actual,UN WFP / Ministry of Consumer Affairs India
2022-07-15,HR-NCR,Gurgaon,Wheat,cereals and tubers,25.0,0.31,KG,Retail,actual,UN WFP / Ministry of Consumer Affairs India
2022-04-15,HR-NCR,Gurgaon,Wheat flour,cereals and tubers,32.0,0.42,KG,Retail,actual,UN WFP / Ministry of Consumer Affairs India
2022-05-15,HR-NCR,Gurgaon,Wheat flour,cereals and tubers,34.68,0.45,KG,Retail,actual,UN WFP / Ministry of Consumer Affairs India
2022-06-15,HR-NCR,Gurgaon,Wheat flour,cereals and tubers,35.0,0.45,KG,Retail,actual,UN WFP / Ministry of Consumer Affairs India
2022-07-15,HR-NCR,Gurgaon,Wheat flour,cereals and tubers,35.0,0.44,KG,Retail,actual,UN WFP / Ministry of Consumer Affairs India
2022-04-15,Mumbai,Mumbai,Ghee (vanaspati),oil and fats,180.1,2.36,KG,Retail,actual,UN WFP / Ministry of Consumer Affairs India
2022-05-15,Mumbai,Mumbai,Ghee (vanaspati),oil and fats,189.9,2.44,KG,Retail,actual,UN WFP / Ministry of Consumer Affairs India
2022-06-15,Mumbai,Mumbai,Ghee (vanaspati),oil and fats,197.93,2.53,KG,Retail,actual,UN WFP / Ministry of Consumer Affairs India
2022-07-15,Mumbai,Mumbai,Ghee (vanaspati),oil and fats,195.81,2.45,KG,Retail,actual,UN WFP / Ministry of Consumer Affairs India
2022-04-15,Mumbai,Mumbai,Lentils,pulses and nuts,106.9,1.4,KG,Retail,actual,UN WFP / Ministry of Consumer Affairs India
2022-05-15,Mumbai,Mumbai,Lentils,pulses and nuts,105.55,1.36,KG,Retail,actual,UN WFP / Ministry of Consumer Affairs India
2022-06-15,Mumbai,Mumbai,Lentils,pulses and nuts,110.4,1.41,KG,Retail,actual,UN WFP / Ministry of Consumer Affairs India
2022-07-15,Mumbai,Mumbai,Lentils,pulses and nuts,115.55,1.45,KG,Retail,actual,UN WFP / Ministry of Consumer Affairs India
2022-04-15,Mumbai,Mumbai,Lentils (masur),pulses and nuts,99.23,1.3,KG,Retail,actual,UN WFP / Ministry of Consumer Affairs India
2022-05-15,Mumbai,Mumbai,Lentils (masur),pulses and nuts,101.58,1.31,KG,Retail,actual,UN WFP / Ministry of Consumer Affairs India
2022-06-15,Mumbai,Mumbai,Lentils (masur),pulses and nuts,101.9,1.3,KG,Retail,actual,UN WFP / Ministry of Consumer Affairs India
2022-07-15,Mumbai,Mumbai,Lentils (masur),pulses and nuts,101.74,1.28,KG,Retail,actual,UN WFP / Ministry of Consumer Affairs India
2022-04-15,Mumbai,Mumbai,Lentils (moong),pulses and nuts,111.13,1.46,KG,Retail,actual,UN WFP / Ministry of Consumer Affairs India
2022-05-15,Mumbai,Mumbai,Lentils (moong),pulses and nuts,115.84,1.49,KG,Retail,actual,UN WFP / Ministry of Consumer Affairs India
2022-06-15,Mumbai,Mumbai,Lentils (moong),pulses and nuts,119.7,1.53,KG,Retail,actual,UN WFP / Ministry of Consumer Affairs India
2022-07-15,Mumbai,Mumbai,Lentils (moong),pulses and nuts,120.39,1.51,KG,Retail,actual,UN WFP / Ministry of Consumer Affairs India
2022-04-15,Mumbai,Mumbai,Lentils (urad),pulses and nuts,115.93,1.52,KG,Retail,actual,UN WFP / Ministry of Consumer Affairs India
2022-05-15,Mumbai,Mumbai,Lentils (urad),pulses and nuts,117.58,1.51,KG,Retail,actual,UN WFP / Ministry of Consumer Affairs India
2022-06-15,Mumbai,Mumbai,Lentils (urad),pulses and nuts,117.9,1.51,KG,Retail,actual,UN WFP / Ministry of Consumer Affairs India
2022-07-15,Mumbai,Mumbai,Lentils (urad),pulses and nuts,119.32,1.5,KG,Retail,actual,UN WFP / Ministry of Consumer Affairs India
2022-04-15,Mumbai,Mumbai,Milk (pasteurized),milk and dairy,50.03,0.66,L,Retail,actual,UN WFP / Ministry of Consumer Affairs India
2022-05-15,Mumbai,Mumbai,Milk (pasteurized),milk and dairy,50.13,0.65,L,Retail,actual,UN WFP / Ministry of Consumer Affairs India
2022-06-15,Mumbai,Mumbai,Milk (pasteurized),milk and dairy,50.0,0.64,L,Retail,actual,UN WFP / Ministry of Consumer Affairs India
2022-07-15,Mumbai,Mumbai,Milk (pasteurized),milk and dairy,49.94,0.63,L,Retail,actual,UN WFP / Ministry of Consumer Affairs India
2022-04-15,Mumbai,Mumbai,Oil (groundnut),oil and fats,188.7,2.47,KG,Retail,actual,UN WFP / Ministry of Consumer Affairs India
2022-05-15,Mumbai,Mumbai,Oil (groundnut),oil and fats,186.74,2.4,KG,Retail,actual,UN WFP / Ministry of Consumer Affairs India
2022-06-15,Mumbai,Mumbai,Oil (groundnut),oil and fats,191.57,2.45,KG,Retail,actual,UN WFP / Ministry of Consumer Affairs India
2022-07-15,Mumbai,Mumbai,Oil (groundnut),oil and fats,196.84,2.47,KG,Retail,actual,UN WFP / Ministry of Consumer Affairs India
2022-04-15,Mumbai,Mumbai,Oil (mustard),oil and fats,194.27,2.55,KG,Retail,actual,UN WFP / Ministry of Consumer Affairs India
2022-05-15,Mumbai,Mumbai,Oil (mustard),oil and fats,199.35,2.57,KG,Retail,actual,UN WFP / Ministry of Consumer Affairs India
2022-06-15,Mumbai,Mumbai,Oil (mustard),oil and fats,196.47,2.51,KG,Retail,actual,UN WFP / Ministry of Consumer Affairs India
2022-07-15,Mumbai,Mumbai,Oil (mustard),oil and fats,188.29,2.36,KG,Retail,actual,UN WFP / Ministry of Consumer Affairs India
2022-04-15,Mumbai,Mumbai,Oil (palm),oil and fats,155.93,2.04,KG,Retail,actual,UN WFP / Ministry of Consumer Affairs India
2022-05-15,Mumbai,Mumbai,Oil (palm),oil and fats,158.55,2.04,KG,Retail,actual,UN WFP / Ministry of Consumer Affairs India
2022-06-15,Mumbai,Mumbai,Oil (palm),oil and fats,158.1,2.02,KG,Retail,actual,UN WFP / Ministry of Consumer Affairs India
2022-07-15,Mumbai,Mumbai,Oil (palm),oil and fats,151.35,1.9,KG,Retail,actual,UN WFP / Ministry of Consumer Affairs India
2022-04-15,Mumbai,Mumbai,Oil (soybean),oil and fats,169.1,2.22,KG,Retail,actual,UN WFP / Ministry of Consumer Affairs India
2022-05-15,Mumbai,Mumbai,Oil (soybean),oil and fats,182.23,2.35,KG,Retail,actual,UN WFP / Ministry of Consumer Affairs India
2022-06-15,Mumbai,Mumbai,Oil (soybean),oil and fats,189.93,2.43,KG,Retail,actual,UN WFP / Ministry of Consumer Affairs India
2022-07-15,Mumbai,Mumbai,Oil (soybean),oil and fats,176.71,2.22,KG,Retail,actual,UN WFP / Ministry of Consumer Affairs India
2022-04-15,Mumbai,Mumbai,Oil (sunflower),oil and fats,188.47,2.47,KG,Retail,actual,UN WFP / Ministry of Consumer Affairs India
2022-05-15,Mumbai,Mumbai,Oil (sunflower),oil and fats,196.35,2.53,KG,Retail,actual,UN WFP / Ministry of Consumer Affairs India
2022-06-15,Mumbai,Mumbai,Oil (sunflower),oil and fats,199.5,2.55,KG,Retail,actual,UN WFP / Ministry of Consumer Affairs India
2022-07-15,Mumbai,Mumbai,Oil (sunflower),oil and fats,187.55,2.35,KG,Retail,actual,UN WFP / Ministry of Consumer Affairs India
2022-04-15,Mumbai,Mumbai,Onions,vegetables and fruits,21.67,0.28,KG,Retail,actual,UN WFP / Ministry of Consumer Affairs India
2022-05-15,Mumbai,Mumbai,Onions,vegetables and fruits,19.26,0.25,KG,Retail,actual,UN WFP / Ministry of Consumer Affairs India
2022-06-15,Mumbai,Mumbai,Onions,vegetables and fruits,21.9,0.28,KG,Retail,actual,UN WFP / Ministry of Consumer Affairs India
2022-07-15,Mumbai,Mumbai,Onions,vegetables and fruits,23.87,0.3,KG,Retail,actual,UN WFP / Ministry of Consumer Affairs India
2022-04-15,Mumbai,Mumbai,Potatoes,cereals and tubers,24.47,0.32,KG,Retail,actual,UN WFP / Ministry of Consumer Affairs India
2022-05-15,Mumbai,Mumbai,Potatoes,cereals and tubers,26.68,0.34,KG,Retail,actual,UN WFP / Ministry of Consumer Affairs India
2022-06-15,Mumbai,Mumbai,Potatoes,cereals and tubers,29.9,0.38,KG,Retail,actual,UN WFP / Ministry of Consumer Affairs India
2022-07-15,Mumbai,Mumbai,Potatoes,cereals and tubers,35.9,0.45,KG,Retail,actual,UN WFP / Ministry of Consumer Affairs India
2022-04-15,Mumbai,Mumbai,Rice,cereals and tubers,35.23,0.46,KG,Retail,actual,UN WFP / Ministry of Consumer Affairs India
2022-05-15,Mumbai,Mumbai,Rice,cereals and tubers,34.42,0.44,KG,Retail,actual,UN WFP / Ministry of Consumer Affairs India
2022-06-15,Mumbai,Mumbai,Rice,cereals and tubers,34.3,0.44,KG,Retail,actual,UN WFP / Ministry of Consumer Affairs India
2022-07-15,Mumbai,Mumbai,Rice,cereals and tubers,34.06,0.43,KG,Retail,actual,UN WFP / Ministry of Consumer Affairs India
2022-04-15,Mumbai,Mumbai,Salt (iodised),miscellaneous food,23.9,0.31,KG,Retail,actual,UN WFP / Ministry of Consumer Affairs India
2022-05-15,Mumbai,Mumbai,Salt (iodised),miscellaneous food,24.81,0.32,KG,Retail,actual,UN WFP / Ministry of Consumer Affairs India
2022-06-15,Mumbai,Mumbai,Salt (iodised),miscellaneous food,25.0,0.32,KG,Retail,actual,UN WFP / Ministry of Consumer Affairs India
2022-07-15,Mumbai,Mumbai,Salt (iodised),miscellaneous food,25.0,0.31,KG,Retail,actual,UN WFP / Ministry of Consumer Affairs India
2022-04-15,Mumbai,Mumbai,Sugar,miscellaneous food,42.57,0.56,KG,Retail,actual,UN WFP / Ministry of Consumer Affairs India
2022-05-15,Mumbai,Mumbai,Sugar,miscellaneous food,42.06,0.54,KG,Retail,actual,UN WFP / Ministry of Consumer Affairs India
2022-06-15,Mumbai,Mumbai,Sugar,miscellaneous food,41.53,0.53,KG,Retail,actual,UN WFP / Ministry of Consumer Affairs India
2022-07-15,Mumbai,Mumbai,Sugar,miscellaneous food,40.97,0.51,KG,Retail,actual,UN WFP / Ministry of Consumer Affairs India
2022-04-15,Mumbai,Mumbai,Sugar (jaggery/gur),miscellaneous food,67.03,0.88,KG,Retail,actual,UN WFP / Ministry of Consumer Affairs India
2022-05-15,Mumbai,Mumbai,Sugar (jaggery/gur),miscellaneous food,64.45,0.83,KG,Retail,actual,UN WFP / Ministry of Consumer Affairs India
2022-06-15,Mumbai,Mumbai,Sugar (jaggery/gur),miscellaneous food,64.5,0.83,KG,Retail,actual,UN WFP / Ministry of Consumer Affairs India
2022-07-15,Mumbai,Mumbai,Sugar (jaggery/gur),miscellaneous food,64.68,0.81,KG,Retail,actual,UN WFP / Ministry of Consumer Affairs India
2022-04-15,Mumbai,Mumbai,Tea (black),miscellaneous food,319.03,4.18,KG,Retail,actual,UN WFP / Ministry of Consumer Affairs India
2022-05-15,Mumbai,Mumbai,Tea (black),miscellaneous food,315.81,4.06,KG,Retail,actual,UN WFP / Ministry of Consumer Affairs India
2022-06-15,Mumbai,Mumbai,Tea (black),miscellaneous food,315.0,4.03,KG,Retail,actual,UN WFP / Ministry of Consumer Affairs India
2022-07-15,Mumbai,Mumbai,Tea (black),miscellaneous food,313.87,3.94,KG,Retail,actual,UN WFP / Ministry of Consumer Affairs India
2022-04-15,Mumbai,Mumbai,Tomatoes,vegetables and fruits,33.37,0.44,KG,Retail,actual,UN WFP / Ministry of Consumer Affairs India
2022-05-15,Mumbai,Mumbai,Tomatoes,vegetables and fruits,58.06,0.75,KG,Retail,actual,UN WFP / Ministry of Consumer Affairs India
2022-06-15,Mumbai,Mumbai,Tomatoes,vegetables and fruits,72.77,0.93,KG,Retail,actual,UN WFP / Ministry of Consumer Affairs India
2022-07-15,Mumbai,Mumbai,Tomatoes,vegetables and fruits,37.55,0.47,KG,Retail,actual,UN WFP / Ministry of Consumer Affairs India
2022-04-15,Mumbai,Mumbai,Wheat,cereals and tubers,35.17,0.46,KG,Retail,actual,UN WFP / Ministry of Consumer Affairs India
2022-05-15,Mumbai,Mumbai,Wheat,cereals and tubers,36.35,0.47,KG,Retail,actual,UN WFP / Ministry of Consumer Affairs India
2022-06-15,Mumbai,Mumbai,Wheat,cereals and tubers,40.37,0.52,KG,Retail,actual,UN WFP / Ministry of Consumer Affairs India
2022-07-15,Mumbai,Mumbai,Wheat,cereals and tubers,40.29,0.51,KG,Retail,actual,UN WFP / Ministry of Consumer Affairs India
2022-04-15,Mumbai,Mumbai,Wheat flour,cereals and tubers,49.87,0.65,KG,Retail,actual,UN WFP / Ministry of Consumer Affairs India
2022-05-15,Mumbai,Mumbai,Wheat flour,cereals and tubers,53.0,0.68,KG,Retail,actual,UN WFP / Ministry of Consumer Affairs India
2022-06-15,Mumbai,Mumbai,Wheat flour,cereals and tubers,60.4,0.77,KG,Retail,actual,UN WFP / Ministry of Consumer Affairs India
2022-07-15,Mumbai,Mumbai,Wheat flour,cereals and tubers,59.29,0.74,KG,Retail,actual,UN WFP / Ministry of Consumer Affairs India
