product_id,city_name,missing_count,median_lp_prod_city,valid_samples_prod_city,median_lp_prod,valid_samples_prod,recovery_tier,recovered_landing_price
3560,Mumbai,3,123.20017,1042,123.2,5398,Tier_1_Product_City_Median,123.20017
480940,HR-NCR,3,29.996002,287,29.996,1109,Tier_1_Product_City_Median,29.996002
481545,Delhi,1,111.746,500,111.746,1008,Tier_1_Product_City_Median,111.746
485527,Bengaluru,2,96.007996,665,96.008012,2789,Tier_1_Product_City_Median,96.007996
376302,Bengaluru,1,169.81442,7,169.81442,7,Tier_1_Product_City_Median,169.81442
365618,Bengaluru,2,60.711,15,59.855615,28,Tier_1_Product_City_Median,60.711
487659,HR-NCR,682,0.012,1799,0.012,4242,Tier_1_Product_City_Median,0.012
455294,HR-NCR,4,104.402,95,104.402,393,Tier_1_Product_City_Median,104.402
406325,HR-NCR,1,172.94841,17,172.96504,160,Tier_1_Product_City_Median,172.94841
346046,Delhi,3,53.793083,17,54.49722,125,Tier_1_Product_City_Median,53.793083
400718,Bengaluru,1,169.1836,246,169.50377,1603,Tier_1_Product_City_Median,169.1836
428870,Delhi,1,15.164975,265,15.164975,437,Tier_1_Product_City_Median,15.164975
388296,HR-NCR,1,25.482353,22,25.482353,54,Tier_1_Product_City_Median,25.482353
438462,Delhi,3,147.263,115,147.263,251,Tier_1_Product_City_Median,147.263
376528,Mumbai,1,53.410873,5,48.451201,12,Tier_1_Product_City_Median,53.410873
477872,Delhi,1,363.995,66,363.995,130,Tier_1_Product_City_Median,363.995
428982,HR-NCR,1,71.31583,23,71.34628,90,Tier_1_Product_City_Median,71.31583
428981,Delhi,1,84.22961,21,84.290146,42,Tier_1_Product_City_Median,84.22961
372055,Mumbai,3,125.737366,6,93.52752000000001,16,Tier_1_Product_City_Median,125.737366
439621,HR-NCR,1,58.0048,5,58.004807,27,Tier_1_Product_City_Median,58.0048
449586,Delhi,1,111.72201,9,111.72201,9,Tier_1_Product_City_Median,111.72201
435974,HR-NCR,1,322.461,4,322.41025,117,Tier_1_Product_City_Median,322.461
480727,Delhi,2,29.198002,291,29.198002,705,Tier_1_Product_City_Median,29.198002
458686,Mumbai,2,46.079,369,46.079,1800,Tier_1_Product_City_Median,46.079
482199,Delhi,3,210.0,309,210.0,566,Tier_1_Product_City_Median,210.0
481681,Bengaluru,12,55.46,846,55.460003,3780,Tier_1_Product_City_Median,55.46
477385,Bengaluru,1,25.63169,525,27.003036,2078,Tier_1_Product_City_Median,25.63169
482200,Delhi,3,210.0,317,210.0,534,Tier_1_Product_City_Median,210.0
446160,Delhi,3,85.78887,18,85.55001,46,Tier_1_Product_City_Median,85.78887
400605,Delhi,1,160.60977,4,160.60977,5,Tier_1_Product_City_Median,160.60977
477222,Delhi,1,191.49974,22,191.497,47,Tier_1_Product_City_Median,191.49974
445686,HR-NCR,1,40.005,25,40.005,30,Tier_1_Product_City_Median,40.005
440240,Delhi,2,91.0038145,6,91.003685,17,Tier_1_Product_City_Median,91.0038145
428980,Delhi,1,170.1089,12,170.1089,32,Tier_1_Product_City_Median,170.1089
428917,Delhi,1,35.0,18,35.0,27,Tier_1_Product_City_Median,35.0
440091,Delhi,1,176.00101,4,176.00102,12,Tier_1_Product_City_Median,176.00101
428871,HR-NCR,2,84.3257,9,82.297485,32,Tier_1_Product_City_Median,84.3257
346041,Bengaluru,1,116.51138,3,154.47533,56,Tier_1_Product_City_Median,116.51138
486034,Mumbai,1,97.751992,7,97.751992,19,Tier_1_Product_City_Median,97.751992
440092,Delhi,1,120.00474,7,120.004524,24,Tier_1_Product_City_Median,120.00474
481542,Bengaluru,4,37.5,2648,37.5,2648,Tier_1_Product_City_Median,37.5
480666,Delhi,1,149.251,113,149.251,183,Tier_1_Product_City_Median,149.251
481025,Delhi,4,87.96299,691,87.96299,2175,Tier_1_Product_City_Median,87.96299
482793,Delhi,2,96.74801,2152,96.749214,3353,Tier_1_Product_City_Median,96.74801
445700,HR-NCR,3,7.999982,87,7.999998,236,Tier_1_Product_City_Median,7.999982
481656,Delhi,1,89.42039,480,89.420006,652,Tier_1_Product_City_Median,89.42039
488060,Mumbai,26,210.0,58,210.0,553,Tier_1_Product_City_Median,210.0
146296,Mumbai,1,38.998,44,38.998,159,Tier_1_Product_City_Median,38.998
42154,Mumbai,5,148.68,80,171.50946,3407,Tier_1_Product_City_Median,148.68
488062,Delhi,13,349.997,106,349.997,179,Tier_1_Product_City_Median,349.997
458658,Delhi,1,98.504,15,98.503995,18,Tier_1_Product_City_Median,98.504
481726,HR-NCR,1,97.943665,26,97.999,83,Tier_1_Product_City_Median,97.943665
440210,Delhi,3,40.3206,19,40.3206,26,Tier_1_Product_City_Median,40.3206
388037,Mumbai,1,155.01611,3,155.01611,3,Tier_1_Product_City_Median,155.01611
349725,Bengaluru,7,42.25,68,42.25,68,Tier_1_Product_City_Median,42.25
467344,Delhi,1,134.249,109,134.249,495,Tier_1_Product_City_Median,134.249
474820,Delhi,3,0.000556,35,0.0,92,Tier_1_Product_City_Median,0.000556
11008,Bengaluru,2,313.722,238,313.722,238,Tier_1_Product_City_Median,313.722
488063,Mumbai,36,349.995,28,349.9969,307,Tier_1_Product_City_Median,349.995
27072,Mumbai,2,14.891709,8,14.891709,8,Tier_1_Product_City_Median,14.891709
438460,Mumbai,2,132.458,12,132.458,12,Tier_1_Product_City_Median,132.458
393218,Mumbai,2,92.10502,30,92.10503,62,Tier_1_Product_City_Median,92.10502
16813,Delhi,2,187.502,26,187.502,75,Tier_1_Product_City_Median,187.502
346037,Mumbai,1,136.33246,3,94.40001,23,Tier_1_Product_City_Median,136.33246
382812,Mumbai,1,619.50668,2,559.31872,8,Tier_1_Product_City_Median,619.50668
429376,Mumbai,1,499.0,2,241.11667,27,Tier_1_Product_City_Median,499.0
481582,Delhi,1,24.0,991,24.0,1610,Tier_1_Product_City_Median,24.0
972,Bengaluru,4,94.41201,311,94.41201,450,Tier_1_Product_City_Median,94.41201
480703,Bengaluru,2,229.947,83,229.947,208,Tier_1_Product_City_Median,229.947
364788,Delhi,1,161.249,131,161.249,308,Tier_1_Product_City_Median,161.249
480588,Delhi,4,30.4,156,32.8,266,Tier_1_Product_City_Median,30.4
483596,Delhi,1,80.24,159,80.24,516,Tier_1_Product_City_Median,80.24
486125,Mumbai,2982,68.807,2281,68.807,2807,Tier_1_Product_City_Median,68.807
481677,Bengaluru,1,42.48,69,42.48,106,Tier_1_Product_City_Median,42.48
388377,Delhi,2,16.35881,323,16.35881,655,Tier_1_Product_City_Median,16.35881
481659,HR-NCR,6,100.3,696,100.30001,1418,Tier_1_Product_City_Median,100.3
481643,HR-NCR,4,139.810982,20,139.99692,107,Tier_1_Product_City_Median,139.810982
481662,Delhi,1,91.00199,118,91.00199,185,Tier_1_Product_City_Median,91.00199
241163,Bengaluru,1,327.2546,225,327.25,753,Tier_1_Product_City_Median,327.2546
428944,Delhi,2,259.6,3,346.76135,13,Tier_1_Product_City_Median,259.6
33901,Bengaluru,1,80.57334,196,80.57334,196,Tier_1_Product_City_Median,80.57334
42212,Delhi,1,248.147,59,248.16599,155,Tier_1_Product_City_Median,248.147
478908,Delhi,1881,0.001,12,0.001,12,Tier_1_Product_City_Median,0.001
425596,Mumbai,1,112.75394,7,112.75394,12,Tier_1_Product_City_Median,112.75394
24626,HR-NCR,1,79.450554,16,79.450554,50,Tier_1_Product_City_Median,79.450554
378358,Bengaluru,2,197.6052,59,197.6052,59,Tier_1_Product_City_Median,197.6052
462668,Bengaluru,2,30.262,31,30.262001,99,Tier_1_Product_City_Median,30.262
400574,HR-NCR,1,98.56,21,98.56,49,Tier_1_Product_City_Median,98.56
96562,Delhi,1,52.0,16,52.001995,62,Tier_1_Product_City_Median,52.0
405901,Mumbai,1,635.01013,1,635.01013,1,Tier_1_Product_City_Median,635.01013
482150,HR-NCR,2,839.9712,12,839.9712,12,Tier_1_Product_City_Median,839.9712
450373,Delhi,1,179.99718,7,179.9972,36,Tier_1_Product_City_Median,179.99718
392680,Delhi,1,92.211075,5,92.21272,21,Tier_1_Product_City_Median,92.211075
396055,HR-NCR,1,126.0,4,126.0,7,Tier_1_Product_City_Median,126.0
439238,Delhi,2,77.99697,3,77.99697,3,Tier_1_Product_City_Median,77.99697
427386,HR-NCR,1,55.470604,1,55.470604,15,Tier_1_Product_City_Median,55.470604
19060,Delhi,7,22.5,1836,22.5,2613,Tier_1_Product_City_Median,22.5
415766,Bengaluru,3,299.991,455,293.61554,1998,Tier_1_Product_City_Median,299.991
465892,Delhi,1,52.5,1181,52.5,2424,Tier_1_Product_City_Median,52.5
381989,Bengaluru,1,16.8,288,16.8,617,Tier_1_Product_City_Median,16.8
432244,Delhi,1,64.10931,67,64.10931,74,Tier_1_Product_City_Median,64.10931
481733,Bengaluru,3,101.397,173,101.397,404,Tier_1_Product_City_Median,101.397
443559,Delhi,4,414.003,29,414.003,51,Tier_1_Product_City_Median,414.003
435885,Delhi,9,127.501,470,127.501,697,Tier_1_Product_City_Median,127.501
479285,HR-NCR,2,304.00018,251,304.00018,1177,Tier_1_Product_City_Median,304.00018
395496,Mumbai,1,108.24647,6,108.24647,6,Tier_1_Product_City_Median,108.24647
482505,Mumbai,1,81.999534,132,129.01922,293,Tier_1_Product_City_Median,81.999534
480665,HR-NCR,1,153.37850500000002,50,149.251,309,Tier_1_Product_City_Median,153.37850500000002
480943,Bengaluru,1,124.996994,113,124.997,295,Tier_1_Product_City_Median,124.996994
488058,Delhi,28,349.997,104,349.99695,170,Tier_1_Product_City_Median,349.997
56820,HR-NCR,5,56.248,151,56.249523,1355,Tier_1_Product_City_Median,56.248
34034,Delhi,3,180.4151,63,180.4151,126,Tier_1_Product_City_Median,180.4151
422937,Delhi,3,44.25,175,44.2515565,648,Tier_1_Product_City_Median,44.25
428976,HR-NCR,1,198.40587,12,198.40585,35,Tier_1_Product_City_Median,198.40587
476687,Delhi,1,209.403,37,209.40302,131,Tier_1_Product_City_Median,209.403
372142,Bengaluru,1,32.995,128,32.995647,517,Tier_1_Product_City_Median,32.995
437522,Bengaluru,1,587.923,4,587.923,4,Tier_1_Product_City_Median,587.923
403579,Delhi,1,109.2453,53,109.24456,154,Tier_1_Product_City_Median,109.2453
440248,Delhi,1,124.00498,18,124.00498,34,Tier_1_Product_City_Median,124.00498
443172,Delhi,1,342.62503,27,342.62503,48,Tier_1_Product_City_Median,342.62503
477201,Bengaluru,1,303.26,48,303.26,214,Tier_1_Product_City_Median,303.26
372081,Delhi,2,97.681915,12,98.00098,31,Tier_1_Product_City_Median,97.681915
405946,Delhi,1,76.51999749999999,2,75.386665,5,Tier_1_Product_City_Median,76.51999749999999
428987,Delhi,2,59.998318,13,59.998318,13,Tier_1_Product_City_Median,59.998318
376282,Mumbai,1,26.376001,22,26.376001,28,Tier_1_Product_City_Median,26.376001
481661,Delhi,1,91.00199,128,91.00199,191,Tier_1_Product_City_Median,91.00199
446662,Delhi,1,341.8343,13,341.8343,24,Tier_1_Product_City_Median,341.8343
429439,HR-NCR,2,69.305115,8,69.304504,27,Tier_1_Product_City_Median,69.305115
94,Delhi,1,64.257935,12,64.257935,20,Tier_1_Product_City_Median,64.257935
412485,Mumbai,2,35.400043,15,35.400043,15,Tier_1_Product_City_Median,35.400043
448916,Delhi,1,29.995598,9,29.9956,47,Tier_1_Product_City_Median,29.995598
69381,Delhi,2,52.026787,9,52.026787,15,Tier_1_Product_City_Median,52.026787
446661,Delhi,2,342.7122,6,342.65348,18,Tier_1_Product_City_Median,342.7122
369874,Delhi,1,87.615,5,87.615,16,Tier_1_Product_City_Median,87.615
422724,Delhi,1,191.77086,4,191.8122,7,Tier_1_Product_City_Median,191.77086
445386,Delhi,2,39.648,5,39.648,9,Tier_1_Product_City_Median,39.648
438863,Delhi,2,263.23132,2,263.23132,4,Tier_1_Product_City_Median,263.23132
11417,Delhi,1,602.02124,766,602.02203,1669,Tier_1_Product_City_Median,602.02124
19397,Bengaluru,1,86.95497,575,85.10244750000001,2422,Tier_1_Product_City_Median,86.95497
479694,Delhi,1,97.999,162,97.999,302,Tier_1_Product_City_Median,97.999
33891,Bengaluru,3,79.20541,312,79.20541,312,Tier_1_Product_City_Median,79.20541
480589,Delhi,2,32.0,2224,32.0,3373,Tier_1_Product_City_Median,32.0
10488,HR-NCR,4,28.506754,115,28.506754,381,Tier_1_Product_City_Median,28.506754
481716,Delhi,12,56.250996,163,56.250996,237,Tier_1_Product_City_Median,56.250996
481723,Delhi,1,97.916,102,97.916,161,Tier_1_Product_City_Median,97.916
395566,Bengaluru,5,63.134037,43,63.134037,50,Tier_1_Product_City_Median,63.134037
13396,Delhi,1,183.747,126,183.747,182,Tier_1_Product_City_Median,183.747
370321,HR-NCR,2,12.005696,94,12.005696,409,Tier_1_Product_City_Median,12.005696
482839,HR-NCR,1,87.506004,63,87.506004,170,Tier_1_Product_City_Median,87.506004
372064,Delhi,1,49.551933,13,49.55842,25,Tier_1_Product_City_Median,49.551933
445129,Delhi,3,202.99503,8,202.99503,11,Tier_1_Product_City_Median,202.99503
400211,HR-NCR,1,31.941753,10,31.94201,51,Tier_1_Product_City_Median,31.941753
108639,Bengaluru,1,60.510105,20,60.247787,49,Tier_1_Product_City_Median,60.510105
402011,HR-NCR,1,41.077965,3,41.081345,18,Tier_1_Product_City_Median,41.077965
350142,Bengaluru,1,472.0,4,472.0,5,Tier_1_Product_City_Median,472.0
194302,Bengaluru,1,966.00446,15,966.0007,127,Tier_1_Product_City_Median,966.00446
445685,Delhi,1,42.0,6,42.0,9,Tier_1_Product_City_Median,42.0
439650,Delhi,1,56.1792,2,56.1792,2,Tier_1_Product_City_Median,56.1792
480619,Delhi,5,34.999,1028,34.999,2396,Tier_1_Product_City_Median,34.999
481193,Mumbai,39,12.75,1315,12.75,1315,Tier_1_Product_City_Median,12.75
23313,Delhi,1,327.25296,922,327.25235,1958,Tier_1_Product_City_Median,327.25296
41970,Delhi,3,102.189,125,102.189,261,Tier_1_Product_City_Median,102.189
381836,Bengaluru,4,69.998,434,69.99867,754,Tier_1_Product_City_Median,69.998
37210,Bengaluru,1,81.749,35,81.74901,1306,Tier_1_Product_City_Median,81.749
481658,Delhi,2,46.751995,729,46.751995,1168,Tier_1_Product_City_Median,46.751995
36636,Delhi,5,86.94079,54,86.94079,71,Tier_1_Product_City_Median,86.94079
56820,Delhi,8,56.248,287,56.249523,1355,Tier_1_Product_City_Median,56.248
481594,Delhi,1,138.746,124,138.746,174,Tier_1_Product_City_Median,138.746
147402,Bengaluru,1,64.08599,11,67.01612,147,Tier_1_Product_City_Median,64.08599
365066,Mumbai,1,62.504993,67,62.504993,90,Tier_1_Product_City_Median,62.504993
477706,HR-NCR,1,135.088495,144,134.995972,619,Tier_1_Product_City_Median,135.088495
482791,Delhi,1,127.44,2842,127.44,4391,Tier_1_Product_City_Median,127.44
488058,HR-NCR,2,349.99695,63,349.99695,170,Tier_1_Product_City_Median,349.99695
480558,HR-NCR,1,280.002,54,280.002,151,Tier_1_Product_City_Median,280.002
482922,Delhi,3,104.30001,114,104.30001,270,Tier_1_Product_City_Median,104.30001
438150,Delhi,1,44.545002,89,44.545002,130,Tier_1_Product_City_Median,44.545002
442565,Delhi,2,213.6488,112,213.36941000000002,308,Tier_1_Product_City_Median,213.6488
479089,Mumbai,1,42.0,67,41.998528,4542,Tier_1_Product_City_Median,42.0
430960,HR-NCR,1,159.60002,36,159.60002,36,Tier_1_Product_City_Median,159.60002
407171,Bengaluru,1,64.003006,19,64.00319,129,Tier_1_Product_City_Median,64.003006
367258,Bengaluru,1,86.79337,9,86.79337,16,Tier_1_Product_City_Median,86.79337
428240,Mumbai,2,28.485987,32,27.164003,805,Tier_1_Product_City_Median,28.485987
439235,Delhi,1,150.00302,5,150.00302,5,Tier_1_Product_City_Median,150.00302
428976,Delhi,1,198.57950499999998,16,198.40585,35,Tier_1_Product_City_Median,198.57950499999998
446662,HR-NCR,1,342.23032,2,341.8343,24,Tier_1_Product_City_Median,342.23032
391627,Delhi,1,160.65001,4,160.65001,9,Tier_1_Product_City_Median,160.65001
429484,Mumbai,1,72.68106,6,72.54639,15,Tier_1_Product_City_Median,72.68106
388431,Delhi,1,104.66167,5,104.95294,10,Tier_1_Product_City_Median,104.66167
95374,Delhi,5,69.69572,351,69.6969,898,Tier_1_Product_City_Median,69.69572
445679,Mumbai,1,37.000004,128,37.005,1823,Tier_1_Product_City_Median,37.000004
4992,Bengaluru,1,126.040924,199,126.001656,1182,Tier_1_Product_City_Median,126.040924
389927,Delhi,5,262.13525,231,262.13525,331,Tier_1_Product_City_Median,262.13525
437168,Delhi,5,756.6877,233,870.66425,505,Tier_1_Product_City_Median,756.6877
346988,Bengaluru,1,17.345999,68,17.346,140,Tier_1_Product_City_Median,17.345999
483838,Delhi,1,43.5,250,43.5,347,Tier_1_Product_City_Median,43.5
477285,Delhi,2,126.00045,115,126.00214,338,Tier_1_Product_City_Median,126.00045
444947,HR-NCR,1,182.00375,76,182.00302,275,Tier_1_Product_City_Median,182.00375
428990,Delhi,2,38.9984,11,38.9984,12,Tier_1_Product_City_Median,38.9984
206596,Bengaluru,5,33.752453,98,33.749477,674,Tier_1_Product_City_Median,33.752453
373086,Delhi,1,82.396065,20,82.434906,30,Tier_1_Product_City_Median,82.396065
400577,Delhi,1,98.56,16,98.56,80,Tier_1_Product_City_Median,98.56
428871,Delhi,2,82.297485,23,82.297485,32,Tier_1_Product_City_Median,82.297485
446888,Mumbai,15,42.325,89,39.379,7239,Tier_1_Product_City_Median,42.325
481983,Mumbai,1,84.65,2,78.566734,1325,Tier_1_Product_City_Median,84.65
260894,Delhi,1,87.93827,43,88.04292,87,Tier_1_Product_City_Median,87.93827
392414,Mumbai,1,639.1254,15,624.1672,56,Tier_1_Product_City_Median,639.1254
151559,Bengaluru,1,209.29701,41,209.29701,220,Tier_1_Product_City_Median,209.29701
368637,Delhi,1,257.405,7,257.405,12,Tier_1_Product_City_Median,257.405
445686,Delhi,1,40.005,5,40.005,30,Tier_1_Product_City_Median,40.005
425061,Mumbai,1,151.62,8,149.251,25,Tier_1_Product_City_Median,151.62
428917,HR-NCR,2,35.0,9,35.0,27,Tier_1_Product_City_Median,35.0
402866,Delhi,1,62.306202,5,62.1694375,8,Tier_1_Product_City_Median,62.306202
430981,Delhi,1,225.995785,4,226.00197,5,Tier_1_Product_City_Median,225.995785
487690,HR-NCR,4,149.8364,6,149.8364,6,Tier_1_Product_City_Median,149.8364
483438,Mumbai,2723,0.011,5,0.012,31,Tier_1_Product_City_Median,0.011
430982,Delhi,1,225.99629,2,225.99629,2,Tier_1_Product_City_Median,225.99629
3292,Mumbai,1,177.09602,274,177.09436,2258,Tier_1_Product_City_Median,177.09602
455294,Delhi,2,104.402,298,104.402,393,Tier_1_Product_City_Median,104.402
438258,HR-NCR,25,72.008235,578,72.006009,2425,Tier_1_Product_City_Median,72.008235
487659,Delhi,203,0.012,2443,0.012,4242,Tier_1_Product_City_Median,0.012
482727,Delhi,2,175.006,152,175.006,262,Tier_1_Product_City_Median,175.006
443577,Bengaluru,1,395.996,104,395.996,409,Tier_1_Product_City_Median,395.996
146253,Delhi,2,43.197254,209,43.197002,541,Tier_1_Product_City_Median,43.197254
456288,Delhi,1,56.155994,134,56.155994,243,Tier_1_Product_City_Median,56.155994
45642,Mumbai,1,37.60722,309,37.76,1833,Tier_1_Product_City_Median,37.60722
482731,Delhi,4,148.88904,245,209.179,407,Tier_1_Product_City_Median,148.88904
195567,Bengaluru,2,77.354,49,89.20164,287,Tier_1_Product_City_Median,77.354
482729,Bengaluru,2,162.498,48,192.505,276,Tier_1_Product_City_Median,162.498
381837,Bengaluru,1,75.001,106,75.001,170,Tier_1_Product_City_Median,75.001
481732,Bengaluru,1,67.319,162,67.319,613,Tier_1_Product_City_Median,67.319
455177,Bengaluru,1,119.99255,99,119.99512,477,Tier_1_Product_City_Median,119.99255
388296,Delhi,2,25.482353,28,25.482353,54,Tier_1_Product_City_Median,25.482353
478695,Mumbai,1,96.75059,47,96.746,404,Tier_1_Product_City_Median,96.75059
431621,Delhi,1,20.999739,16,20.999739,26,Tier_1_Product_City_Median,20.999739
439621,Delhi,1,58.0048035,14,58.004807,27,Tier_1_Product_City_Median,58.0048035
477110,Delhi,1,308.0,41,308.0,145,Tier_1_Product_City_Median,308.0
99149,Delhi,2,86.258,48,100.017,250,Tier_1_Product_City_Median,86.258
409063,Mumbai,2,299.0,6,96.43652,71,Tier_1_Product_City_Median,299.0
393216,Mumbai,3,81.09101,32,79.27927,97,Tier_1_Product_City_Median,81.09101
440218,Delhi,3,92.9384,14,92.9384,16,Tier_1_Product_City_Median,92.9384
409080,Mumbai,1,78.298515,13,78.298515,20,Tier_1_Product_City_Median,78.298515
234687,Bengaluru,1,384.999,9,384.999,180,Tier_1_Product_City_Median,384.999
439670,HR-NCR,1,142.14586500000001,6,141.736,10,Tier_1_Product_City_Median,142.14586500000001
118892,Delhi,1,135.481,26,135.481,43,Tier_1_Product_City_Median,135.481
484421,Delhi,7,93.598,10,93.598,21,Tier_1_Product_City_Median,93.598
428981,HR-NCR,4,84.290146,18,84.290146,42,Tier_1_Product_City_Median,84.290146
443798,Delhi,1,94.65247,3,94.65247,4,Tier_1_Product_City_Median,94.65247
440213,HR-NCR,1,41.36905,7,41.4238,32,Tier_1_Product_City_Median,41.36905
467921,Delhi,1,157.5,222,157.5,299,Tier_1_Product_City_Median,157.5
481582,HR-NCR,3,24.0,619,24.0,1610,Tier_1_Product_City_Median,24.0
440016,Delhi,1,190.70749,87,205.87,213,Tier_1_Product_City_Median,190.70749
380448,Delhi,1,33.984005,3762,33.984005,8507,Tier_1_Product_City_Median,33.984005
481633,Bengaluru,4,29.996,651,29.998169,1063,Tier_1_Product_City_Median,29.996
134115,Bengaluru,3,28.499247,829,28.499247,1388,Tier_1_Product_City_Median,28.499247
483189,Bengaluru,10,82.0,886,82.0,1083,Tier_1_Product_City_Median,82.0
3542,Delhi,4,251.847,82,251.847,163,Tier_1_Product_City_Median,251.847
68738,Delhi,3,21.75,207,21.75,378,Tier_1_Product_City_Median,21.75
482198,Delhi,3,210.0,324,210.0,604,Tier_1_Product_City_Median,210.0
24626,Delhi,1,77.72016199999999,32,79.450554,50,Tier_1_Product_City_Median,77.72016199999999
13469,Bengaluru,5,31.899,605,31.898998,3659,Tier_1_Product_City_Median,31.899
438456,Delhi,1,277.501,193,277.501,428,Tier_1_Product_City_Median,277.501
481606,Mumbai,1,125.303375,400,125.303375,400,Tier_1_Product_City_Median,125.303375
375044,Delhi,1,365.22366,184,365.2252,494,Tier_1_Product_City_Median,365.22366
483595,Delhi,2,74.590774,403,74.702134,935,Tier_1_Product_City_Median,74.590774
479984,Delhi,2,126.504,253,126.504,989,Tier_1_Product_City_Median,126.504
390708,HR-NCR,7,27.827322,195,27.827322,759,Tier_1_Product_City_Median,27.827322
480896,HR-NCR,1,112.194,70,112.19399,549,Tier_1_Product_City_Median,112.194
427386,Delhi,1,55.470604,13,55.470604,15,Tier_1_Product_City_Median,55.470604
481643,Delhi,3,139.99678,34,139.99692,107,Tier_1_Product_City_Median,139.99678
362037,Delhi,1,154.16531,21,154.16531,25,Tier_1_Product_City_Median,154.16531
400576,Delhi,1,98.56,22,98.56,67,Tier_1_Product_City_Median,98.56
42212,HR-NCR,1,248.166,31,248.16599,155,Tier_1_Product_City_Median,248.166
400574,Delhi,1,98.5600025,10,98.56,49,Tier_1_Product_City_Median,98.5600025
428986,Delhi,2,59.998318,12,59.998318,13,Tier_1_Product_City_Median,59.998318
462669,Bengaluru,1,36.75837,35,36.758007,95,Tier_1_Product_City_Median,36.75837
24488,HR-NCR,1,112.22773,7,112.23501,19,Tier_1_Product_City_Median,112.22773
448350,Delhi,1,194.69999,4,194.7,5,Tier_1_Product_City_Median,194.69999
239191,Mumbai,1,77.088036,1,45.368736,35,Tier_1_Product_City_Median,77.088036
482728,Delhi,3,192.5025,116,192.505,194,Tier_1_Product_City_Median,192.5025
481670,Delhi,8,28.084,1566,28.084002,2656,Tier_1_Product_City_Median,28.084
3545,Delhi,5,283.60233500000004,200,286.0669,369,Tier_1_Product_City_Median,283.60233500000004
390701,Delhi,24,32.173935,411,32.173935,681,Tier_1_Product_City_Median,32.173935
481675,Delhi,1,63.72,1712,63.72,3349,Tier_1_Product_City_Median,63.72
482791,Bengaluru,2,127.44,240,127.44,4391,Tier_1_Product_City_Median,127.44
481733,HR-NCR,2,101.397,84,101.397,404,Tier_1_Product_City_Median,101.397
56826,Delhi,2,56.248005,256,56.248146000000006,1000,Tier_1_Product_City_Median,56.248005
481664,Delhi,5,138.74599,227,138.74599,309,Tier_1_Product_City_Median,138.74599
390037,Delhi,2,45.152237,50,48.524155,153,Tier_1_Product_City_Median,45.152237
488059,HR-NCR,4,349.996935,68,349.99695,184,Tier_1_Product_City_Median,349.996935
395564,Delhi,1,63.0,4,63.0,7,Tier_1_Product_City_Median,63.0
402896,Bengaluru,1,98.829,86,98.829,245,Tier_1_Product_City_Median,98.829
481201,Mumbai,1,41.5,53,41.499992,1989,Tier_1_Product_City_Median,41.5
442952,Delhi,1,214.99802,9,214.99803,15,Tier_1_Product_City_Median,214.99802
457469,Delhi,1,69.4995,9,69.49949,62,Tier_1_Product_City_Median,69.4995
42201,Delhi,1,45.0,22,45.0,32,Tier_1_Product_City_Median,45.0
458008,HR-NCR,1,64.8032,5,64.8031275,16,Tier_1_Product_City_Median,64.8032
146,Delhi,1,257.405,7,257.405,10,Tier_1_Product_City_Median,257.405
372067,Delhi,1,59.462807,11,59.472,17,Tier_1_Product_City_Median,59.462807
428976,Bengaluru,2,175.00584,7,198.40585,35,Tier_1_Product_City_Median,175.00584
365641,Bengaluru,1,69.37882,5,69.384,68,Tier_1_Product_City_Median,69.37882
432826,Delhi,1,82.35361,5,82.94134,18,Tier_1_Product_City_Median,82.35361
430953,Delhi,1,335.96387,20,335.7966,39,Tier_1_Product_City_Median,335.96387
416425,HR-NCR,1,185.43895,2,185.43895,84,Tier_1_Product_City_Median,185.43895
429202,Delhi,1,271.4,207,271.4,606,Tier_1_Product_City_Median,271.4
391784,Delhi,16,18.990005,701,18.978157,1136,Tier_1_Product_City_Median,18.990005
13381,Delhi,3,168.75,299,168.75,456,Tier_1_Product_City_Median,168.75
19977,Delhi,1,41.608,761,41.608,1391,Tier_1_Product_City_Median,41.608
389979,Delhi,2,52.919945,730,52.775417,3414,Tier_1_Product_City_Median,52.919945
438134,Delhi,1,42.2,533,42.072754,1129,Tier_1_Product_City_Median,42.2
481676,Delhi,4,92.04,494,92.04,1046,Tier_1_Product_City_Median,92.04
457383,Mumbai,2,281.253,42,281.25296,1017,Tier_1_Product_City_Median,281.253
480994,Mumbai,1,42.421,117,42.421,714,Tier_1_Product_City_Median,42.421
482109,HR-NCR,5,72.794,89,72.9946,2134,Tier_1_Product_City_Median,72.794
475773,Delhi,2,84.675026,362,84.67503,901,Tier_1_Product_City_Median,84.675026
15470,HR-NCR,9,17.940054,73,17.94,512,Tier_1_Product_City_Median,17.940054
481665,Delhi,5,52.494,213,52.494,304,Tier_1_Product_City_Median,52.494
429757,Delhi,1,239.51826,24,239.80893,40,Tier_1_Product_City_Median,239.51826
435972,HR-NCR,1,300.0071,11,300.0041,120,Tier_1_Product_City_Median,300.0071
428943,Mumbai,1,122.8421,11,130.52516,29,Tier_1_Product_City_Median,122.8421
136594,Delhi,2,192.505,168,192.505,329,Tier_1_Product_City_Median,192.505
479456,Delhi,4,227.002,90,227.002,211,Tier_1_Product_City_Median,227.002
52685,Delhi,1,545.71436,31,539.009,100,Tier_1_Product_City_Median,545.71436
429222,Delhi,1,64.91269,12,64.91269,17,Tier_1_Product_City_Median,64.91269
488157,Bengaluru,1,119.9824,36,119.9824,147,Tier_1_Product_City_Median,119.9824
15472,HR-NCR,1,146.0779,14,147.99979,120,Tier_1_Product_City_Median,146.0779
480901,Delhi,6,38.0,2248,38.0,3178,Tier_1_Product_City_Median,38.0
424213,HR-NCR,1,406.95145,10,406.95145,54,Tier_1_Product_City_Median,406.95145
104649,Delhi,13,21.751177,647,21.751177,1032,Tier_1_Product_City_Median,21.751177
485527,HR-NCR,13,96.01104,522,96.008012,2789,Tier_1_Product_City_Median,96.01104
454312,Mumbai,1,337.500135,172,337.501,2372,Tier_1_Product_City_Median,337.500135
482729,Delhi,1,192.505,142,192.505,276,Tier_1_Product_City_Median,192.505
188918,Bengaluru,1,147.49278,271,147.49606999999997,758,Tier_1_Product_City_Median,147.49278
260895,Bengaluru,3,20.031338,133,20.083532,628,Tier_1_Product_City_Median,20.031338
415761,HR-NCR,1,268.25098,24,272.34,113,Tier_1_Product_City_Median,268.25098
482458,Mumbai,2,61.698,43,61.698006,379,Tier_1_Product_City_Median,61.698
483438,HR-NCR,1493,0.012,16,0.012,31,Tier_1_Product_City_Median,0.012
409191,Delhi,1,54.445038,169,54.442408,642,Tier_1_Product_City_Median,54.445038
482199,Mumbai,1,210.0,166,210.0,566,Tier_1_Product_City_Median,210.0
440217,Delhi,3,45.9964,15,45.9964,23,Tier_1_Product_City_Median,45.9964
424840,Delhi,1,170.26791,42,170.26791,131,Tier_1_Product_City_Median,170.26791
367302,Delhi,1,48.731487,15,49.11159,17,Tier_1_Product_City_Median,48.731487
446889,Mumbai,5,45.404995,62,42.325005,4679,Tier_1_Product_City_Median,45.404995
428982,Bengaluru,6,80.00399,32,71.34628,90,Tier_1_Product_City_Median,80.00399
437970,Delhi,2,66.0019,26,66.0019,39,Tier_1_Product_City_Median,66.0019
793,HR-NCR,1,141.75,25,141.75,60,Tier_1_Product_City_Median,141.75
10791,Delhi,1,216.4845,12,216.4845,17,Tier_1_Product_City_Median,216.4845
368617,Delhi,4,55.0,70,55.0,139,Tier_1_Product_City_Median,55.0
482727,Bengaluru,2,162.498,23,175.006,262,Tier_1_Product_City_Median,162.498
438590,Delhi,1,106.2,7,106.2,14,Tier_1_Product_City_Median,106.2
372071,Delhi,1,75.34285,9,75.603935,24,Tier_1_Product_City_Median,75.34285
24453,Delhi,1,170.218,5,162.557,8,Tier_1_Product_City_Median,170.218
402462,Delhi,1,149.76967,3,149.76967,5,Tier_1_Product_City_Median,149.76967
53670,Delhi,1,93.409004,209,93.409004,422,Tier_1_Product_City_Median,93.409004
335464,Delhi,1,504.9925,28,504.998,69,Tier_1_Product_City_Median,504.9925
786,Delhi,1,33.748592,357,33.748592,568,Tier_1_Product_City_Median,33.748592
370317,Delhi,3,12.003941,258,12.003939500000001,534,Tier_1_Product_City_Median,12.003941
369094,Delhi,2,44.2388,148,44.2388,240,Tier_1_Product_City_Median,44.2388
476910,HR-NCR,3,127.747,154,127.747,525,Tier_1_Product_City_Median,127.747
23768,Mumbai,1,83.877,33,76.182,2020,Tier_1_Product_City_Median,83.877
488061,Delhi,11,349.99698,78,349.99698,434,Tier_1_Product_City_Median,349.99698
398710,HR-NCR,1,1111.236,15,1111.236,66,Tier_1_Product_City_Median,1111.236
27758,Bengaluru,1,468.10205,162,468.89432,1455,Tier_1_Product_City_Median,468.10205
483591,Mumbai,1,61.36,106,61.359996,394,Tier_1_Product_City_Median,61.36
15473,Delhi,4,57.6,58,57.601543,126,Tier_1_Product_City_Median,57.6
12576,Mumbai,1,17.86811,47,17.874525,2918,Tier_1_Product_City_Median,17.86811
932,HR-NCR,1,24.305368,40,24.308,140,Tier_1_Product_City_Median,24.305368
19644,Bengaluru,2,211.53450500000002,8,211.53450500000002,8,Tier_1_Product_City_Median,211.53450500000002
392668,Mumbai,1,29.007145,7,28.0,18,Tier_1_Product_City_Median,29.007145
481565,HR-NCR,1,135.8486,21,135.845,103,Tier_1_Product_City_Median,135.8486
428962,Delhi,1,60.18,7,60.180004,34,Tier_1_Product_City_Median,60.18
429473,HR-NCR,1,106.4,5,106.4,13,Tier_1_Product_City_Median,106.4
457471,Delhi,1,69.49938,3,69.4995,23,Tier_1_Product_City_Median,69.49938
427657,Mumbai,1,246.5656,6,246.5656,6,Tier_1_Product_City_Median,246.5656
487693,HR-NCR,1,369.6232,1,369.6232,1,Tier_1_Product_City_Median,369.6232
481672,Delhi,3,39.695004,1209,39.695007,2087,Tier_1_Product_City_Median,39.695004
440239,Mumbai,1,138.002,19,138.0019,51,Tier_1_Product_City_Median,138.002
475661,Delhi,1,165.165,577,165.165,1091,Tier_1_Product_City_Median,165.165
480942,Delhi,1,60.003,252,60.003002,312,Tier_1_Product_City_Median,60.003
448087,Bengaluru,1,84.0,247,84.0,1389,Tier_1_Product_City_Median,84.0
482730,HR-NCR,1,164.634615,200,170.87843,788,Tier_1_Product_City_Median,164.634615
482793,Bengaluru,1,96.7637,193,96.749214,3353,Tier_1_Product_City_Median,96.7637
481564,Delhi,1,113.746,65,120.246,131,Tier_1_Product_City_Median,113.746
460897,Mumbai,1,92.158,150,92.158,322,Tier_1_Product_City_Median,92.158
313819,Delhi,1,454.996,148,454.996,243,Tier_1_Product_City_Median,454.996
28356,Delhi,1,14.291471,79,14.291471,119,Tier_1_Product_City_Median,14.291471
239265,Delhi,1,477.40457,116,477.40425500000003,308,Tier_1_Product_City_Median,477.40457
440041,Bengaluru,2,488.35995,225,488.35995,279,Tier_1_Product_City_Median,488.35995
482430,Delhi,1,175.50069,467,175.5,808,Tier_1_Product_City_Median,175.50069
481566,HR-NCR,2,161.851,132,161.851,467,Tier_1_Product_City_Median,161.851
28314,HR-NCR,1,100.2579,64,101.21374,237,Tier_1_Product_City_Median,100.2579
402880,HR-NCR,2,104.8481,37,104.8481,60,Tier_1_Product_City_Median,104.8481
114972,Bengaluru,12,8.691073,25,8.726637,78,Tier_1_Product_City_Median,8.691073
275999,Delhi,1,212.39998,22,198.004675,58,Tier_1_Product_City_Median,212.39998
364462,Bengaluru,3,52.660633,48,52.54887,363,Tier_1_Product_City_Median,52.660633
18498,HR-NCR,1,60.000164,28,60.000164,105,Tier_1_Product_City_Median,60.000164
376514,Delhi,1,77.14561,4,77.14561,8,Tier_1_Product_City_Median,77.14561
15464,Delhi,2,33.51141,18,36.708,1515,Tier_1_Product_City_Median,33.51141
364152,Mumbai,5,40.270847,20,40.270847,21,Tier_1_Product_City_Median,40.270847
431658,Delhi,1,370.7967,27,370.7967,37,Tier_1_Product_City_Median,370.7967
389734,Delhi,1,52.802433,1,55.17009,21,Tier_1_Product_City_Median,52.802433
409063,HR-NCR,1,96.43652,47,96.43652,71,Tier_1_Product_City_Median,96.43652
409325,Bengaluru,1,549.5571,334,549.5393,1278,Tier_1_Product_City_Median,549.5571
131780,Mumbai,1,81.7576,45,81.75004,492,Tier_1_Product_City_Median,81.7576
415586,Bengaluru,2,58.076855,277,53.6082,944,Tier_1_Product_City_Median,58.076855
456143,HR-NCR,11,35.997,43,35.997,258,Tier_1_Product_City_Median,35.997
479695,Delhi,1,55.298874,1013,55.297718,2747,Tier_1_Product_City_Median,55.298874
481713,Delhi,3,112.74899,653,112.74899,964,Tier_1_Product_City_Median,112.74899
470826,Delhi,1,162.498,84,162.498,256,Tier_1_Product_City_Median,162.498
481647,HR-NCR,8,57.537,323,57.537,1099,Tier_1_Product_City_Median,57.537
428945,Delhi,1,259.6,6,259.6,19,Tier_1_Product_City_Median,259.6
391785,Bengaluru,1,18.579182,83,21.492329,892,Tier_1_Product_City_Median,18.579182
346041,HR-NCR,1,154.47533,21,154.47533,56,Tier_1_Product_City_Median,154.47533
391906,Delhi,1,434.59854,54,434.61856,126,Tier_1_Product_City_Median,434.59854
438191,Mumbai,1,68.807,94,68.807,318,Tier_1_Product_City_Median,68.807
149684,Mumbai,1,33.96293,23,33.96293,37,Tier_1_Product_City_Median,33.96293
410588,Delhi,2,292.28552,156,292.28552,205,Tier_1_Product_City_Median,292.28552
481663,HR-NCR,5,104.996,139,104.996,454,Tier_1_Product_City_Median,104.996
369862,Delhi,1,60.003002,105,60.003002,196,Tier_1_Product_City_Median,60.003002
32152,Bengaluru,4,26.877886,56,26.877886,56,Tier_1_Product_City_Median,26.877886
446964,Mumbai,15,42.325,72,38.940144,2680,Tier_1_Product_City_Median,42.325
380518,Mumbai,1,719.2011,1,719.2011,1,Tier_1_Product_City_Median,719.2011
11484,Delhi,1,153.84811,14,139.7736,41,Tier_1_Product_City_Median,153.84811
17162,HR-NCR,1,157.495,74,157.495,241,Tier_1_Product_City_Median,157.495
446963,Mumbai,20,42.325,68,38.483,3372,Tier_1_Product_City_Median,42.325
392681,Delhi,1,126.000404,3,125.98851,13,Tier_1_Product_City_Median,126.000404
437972,Delhi,1,89.95195,15,89.95195,21,Tier_1_Product_City_Median,89.95195
432828,Delhi,1,73.416,10,73.416,13,Tier_1_Product_City_Median,73.416
424470,Delhi,1,284.15256999999997,24,284.1539,51,Tier_1_Product_City_Median,284.15256999999997
439691,Delhi,1,176.12,8,176.12,9,Tier_1_Product_City_Median,176.12
427377,Delhi,1,55.496193000000005,2,56.571003,32,Tier_1_Product_City_Median,55.496193000000005
409146,Bengaluru,1,86.0048,61,86.0048,78,Tier_1_Product_City_Median,86.0048
376370,Delhi,1,62.002113,1364,62.002003,3762,Tier_1_Product_City_Median,62.002113
399359,Delhi,1,69.06695,161,75.560616,414,Tier_1_Product_City_Median,69.06695
482007,Bengaluru,15,48.003998,2146,48.004,7745,Tier_1_Product_City_Median,48.003998
480334,Delhi,1,127.80628,320,127.879527,686,Tier_1_Product_City_Median,127.80628
483436,HR-NCR,7261,0.012,551,0.012,562,Tier_1_Product_City_Median,0.012
368393,Bengaluru,1,23.10434,425,23.105904,4420,Tier_1_Product_City_Median,23.10434
480926,Delhi,2,29.996,381,29.996002,1138,Tier_1_Product_City_Median,29.996
481657,Delhi,5,25.512,1478,25.512,2202,Tier_1_Product_City_Median,25.512
482431,Delhi,2,175.50098,395,175.50002,669,Tier_1_Product_City_Median,175.50098
480032,Delhi,1,86.25137,313,86.25124,537,Tier_1_Product_City_Median,86.25137
23314,Mumbai,1,211.74768,434,211.747,2876,Tier_1_Product_City_Median,211.74768
126165,Delhi,4,51.771,874,51.772003,2346,Tier_1_Product_City_Median,51.771
481046,Delhi,1,114.0,109,114.0,163,Tier_1_Product_City_Median,114.0
100254,Bengaluru,1,84.0,364,84.0,364,Tier_1_Product_City_Median,84.0
488061,Mumbai,26,349.99698,111,349.99698,434,Tier_1_Product_City_Median,349.99698
455580,Delhi,1,227.50397,35,227.50398,120,Tier_1_Product_City_Median,227.50397
289063,Delhi,1,131.55606,22,131.55606,35,Tier_1_Product_City_Median,131.55606
769,HR-NCR,1,88.004,31,88.004005,485,Tier_1_Product_City_Median,88.004
429206,Delhi,3,32.0,72,32.0,241,Tier_1_Product_City_Median,32.0
429468,Delhi,1,156.791925,6,156.65286,33,Tier_1_Product_City_Median,156.791925
417408,Delhi,1,167.39711,41,167.39711,79,Tier_1_Product_City_Median,167.39711
396756,Mumbai,1,245.0,3,71.63052,9,Tier_1_Product_City_Median,245.0
391020,Mumbai,4,29.063086,44,29.063086,44,Tier_1_Product_City_Median,29.063086
441911,Delhi,1,492.59775,51,492.59775,75,Tier_1_Product_City_Median,492.59775
392668,Delhi,1,28.0,5,28.0,18,Tier_1_Product_City_Median,28.0
376501,Bengaluru,4,74.323,14,74.323,25,Tier_1_Product_City_Median,74.323
438836,HR-NCR,1,130.00096,27,130.00096,38,Tier_1_Product_City_Median,130.00096
20035,Delhi,1,1337.0487,7,1520.8695,67,Tier_1_Product_City_Median,1337.0487
446417,HR-NCR,1,249.16072,1,249.1654,14,Tier_1_Product_City_Median,249.16072
480028,Delhi,1,162.99948,1803,162.99948,2145,Tier_1_Product_City_Median,162.99948
155532,Delhi,1,122.9678,164,122.98373,249,Tier_1_Product_City_Median,122.9678
33237,Delhi,9,35.102,451,35.102,666,Tier_1_Product_City_Median,35.102
477891,Delhi,1,69.99812,126,69.99812,334,Tier_1_Product_City_Median,69.99812
198088,Delhi,1,43.796,356,43.796,970,Tier_1_Product_City_Median,43.796
195034,Delhi,1,350.33478,438,350.3548,1808,Tier_1_Product_City_Median,350.33478
389706,Delhi,1,17.031,1855,11.023846,9204,Tier_1_Product_City_Median,17.031
481708,Delhi,2,55.342,1439,55.342,2029,Tier_1_Product_City_Median,55.342
482582,Mumbai,16,25.5,210,25.5,210,Tier_1_Product_City_Median,25.5
442234,Delhi,2,66.23606,25,67.2,46,Tier_1_Product_City_Median,66.23606
481626,Delhi,1,40.12,477,40.120003,1214,Tier_1_Product_City_Median,40.12
446162,Delhi,1,42.479996,7,42.479996,46,Tier_1_Product_City_Median,42.479996
438127,Delhi,1,121.570015,389,121.128204,586,Tier_1_Product_City_Median,121.570015
474089,HR-NCR,2,237.25,52,237.25,199,Tier_1_Product_City_Median,237.25
441901,Bengaluru,1,69.25068,128,69.25068,128,Tier_1_Product_City_Median,69.25068
480963,HR-NCR,1,156.005,89,156.005,330,Tier_1_Product_City_Median,156.005
415585,Bengaluru,2,58.117374,273,57.035297,944,Tier_1_Product_City_Median,58.117374
479471,Delhi,1,101.99924,58,101.99903,113,Tier_1_Product_City_Median,101.99924
35015,HR-NCR,5,131.64136,102,128.02982,379,Tier_1_Product_City_Median,131.64136
392614,Delhi,1,372.10153,53,372.10153,113,Tier_1_Product_City_Median,372.10153
67214,Delhi,1,162.01733,32,162.01733,51,Tier_1_Product_City_Median,162.01733
101245,Delhi,1,93.504524,15,97.10428,112,Tier_1_Product_City_Median,93.504524
473996,Bengaluru,1,378.001,73,378.00104,483,Tier_1_Product_City_Median,378.001
440216,HR-NCR,1,34.7156,8,34.73265,25,Tier_1_Product_City_Median,34.7156
438662,HR-NCR,2,14.403024,46,14.403024,79,Tier_1_Product_City_Median,14.403024
438342,Delhi,2,45.430004,16,45.430004,25,Tier_1_Product_City_Median,45.430004
372081,Mumbai,1,251.0,12,98.00098,31,Tier_1_Product_City_Median,251.0
439222,Delhi,1,270.14844,7,270.14844,9,Tier_1_Product_City_Median,270.14844
445388,Delhi,3,25.488,9,25.488008,22,Tier_1_Product_City_Median,25.488
390212,Bengaluru,1,122.454605,5,122.454605,6,Tier_1_Product_City_Median,122.454605
127059,Delhi,2,211.52682,7,211.53125,31,Tier_1_Product_City_Median,211.52682
395566,Delhi,2,63.0,4,63.134037,50,Tier_1_Product_City_Median,63.0
480558,Mumbai,1,280.002,8,280.002,151,Tier_1_Product_City_Median,280.002
400573,Delhi,1,90.99399500000001,2,90.99258,4,Tier_1_Product_City_Median,90.99399500000001
488058,Mumbai,38,349.997,3,349.99695,170,Tier_1_Product_City_Median,349.997
481671,Delhi,5,31.683,2794,31.683,4307,Tier_1_Product_City_Median,31.683
345107,Bengaluru,1,89.59696,243,89.59701,731,Tier_1_Product_City_Median,89.59696
482007,HR-NCR,43,48.00401,1537,48.004,7745,Tier_1_Product_City_Median,48.00401
483596,Mumbai,1,80.24,128,80.24,516,Tier_1_Product_City_Median,80.24
481654,Delhi,2,117.38601,278,117.38601,430,Tier_1_Product_City_Median,117.38601
481325,Delhi,1,303.99695,501,303.997,1087,Tier_1_Product_City_Median,303.99695
461017,Delhi,4,221.403,114,221.403,161,Tier_1_Product_City_Median,221.403
355840,Bengaluru,3,81.995,7,81.99501,31,Tier_1_Product_City_Median,81.995
483839,Delhi,4,43.5,103,43.5,151,Tier_1_Product_City_Median,43.5
486125,Delhi,123,68.807,438,68.807,2807,Tier_1_Product_City_Median,68.807
293334,HR-NCR,1,104.96943,38,104.961624,82,Tier_1_Product_City_Median,104.96943
455293,HR-NCR,3,91.35,203,91.35,777,Tier_1_Product_City_Median,91.35
478063,Delhi,1,365.48123,129,365.7526,416,Tier_1_Product_City_Median,365.48123
437966,Delhi,2,84.0,46,84.0,52,Tier_1_Product_City_Median,84.0
398879,HR-NCR,1,84.96001,10,84.96001,16,Tier_1_Product_City_Median,84.96001
438657,Delhi,1,176.078855,8,163.00479,13,Tier_1_Product_City_Median,176.078855
402223,Delhi,1,78.99965,6,129.0,26,Tier_1_Product_City_Median,78.99965
86620,Delhi,1,510.91257,25,510.91257,64,Tier_1_Product_City_Median,510.91257
400570,Delhi,1,46.187057,6,46.1294235,8,Tier_1_Product_City_Median,46.187057
364150,Bengaluru,2,52.001602,1,52.001595,9,Tier_1_Product_City_Median,52.001602
438316,HR-NCR,1,109.15,7,109.15,14,Tier_1_Product_City_Median,109.15
445458,Bengaluru,1,162.84001,1,177.35377499999998,4,Tier_1_Product_City_Median,162.84001
481709,Delhi,6,102.849,420,102.849,582,Tier_1_Product_City_Median,102.849
17416,Delhi,1,101.246796,64,101.246796,97,Tier_1_Product_City_Median,101.246796
108655,HR-NCR,1,111.80146,968,111.805,5228,Tier_1_Product_City_Median,111.80146
11350,Delhi,5,6.476124,125,2.220685,209,Tier_1_Product_City_Median,6.476124
482109,Bengaluru,5,72.995,1823,72.9946,2134,Tier_1_Product_City_Median,72.995
390679,HR-NCR,1,12.953748,66,13.125097,491,Tier_1_Product_City_Median,12.953748
488062,Mumbai,26,349.997,33,349.997,179,Tier_1_Product_City_Median,349.997
488060,Delhi,28,209.99959,172,210.0,553,Tier_1_Product_City_Median,209.99959
477341,Delhi,3,69.301,209,69.301,510,Tier_1_Product_City_Median,69.301
456099,Delhi,3,35.997,181,35.997,435,Tier_1_Product_City_Median,35.997
146296,Delhi,2,38.998,67,38.998,159,Tier_1_Product_City_Median,38.998
56824,Delhi,3,56.248604,208,56.2485,675,Tier_1_Product_City_Median,56.248604
28333,Mumbai,1,63.436996,11,63.436996,11,Tier_1_Product_City_Median,63.436996
155909,Delhi,3,55.496845,253,55.498425,522,Tier_1_Product_City_Median,55.496845
405821,HR-NCR,1,34.88099,77,34.88099,241,Tier_1_Product_City_Median,34.88099
488063,Delhi,2,349.99698,191,349.9969,307,Tier_1_Product_City_Median,349.99698
103927,Bengaluru,2,41.006245,49,41.006245,58,Tier_1_Product_City_Median,41.006245
364462,Mumbai,2,54.37987,24,52.54887,363,Tier_1_Product_City_Median,54.37987
407467,Delhi,1,919.40795,24,959.202,113,Tier_1_Product_City_Median,919.40795
114972,Mumbai,3,8.726637,40,8.726637,78,Tier_1_Product_City_Median,8.726637
336797,HR-NCR,1,178.91250000000002,54,178.88268,221,Tier_1_Product_City_Median,178.91250000000002
428916,Delhi,1,37.996002,14,37.996002,14,Tier_1_Product_City_Median,37.996002
34397,Delhi,1,204.0176,11,204.019,36,Tier_1_Product_City_Median,204.0176
477346,Delhi,1,265.376,9,265.299,29,Tier_1_Product_City_Median,265.376
457032,HR-NCR,1,49.961166,3,49.630035,11,Tier_1_Product_City_Median,49.961166
488157,HR-NCR,1,119.9824,32,119.9824,147,Tier_1_Product_City_Median,119.9824
464432,Delhi,1,55.002995,4,55.002995,5,Tier_1_Product_City_Median,55.002995
247454,Mumbai,1,58.083,5,58.114056,11,Tier_1_Product_City_Median,58.083
391921,Delhi,1,54.987995,455,54.987995,909,Tier_1_Product_City_Median,54.987995
476087,Bengaluru,9,55.0,1393,55.0,11944,Tier_1_Product_City_Median,55.0
481650,Delhi,5,92.88999,498,92.88999,812,Tier_1_Product_City_Median,92.88999
482730,Bengaluru,3,162.498,87,170.87843,788,Tier_1_Product_City_Median,162.498
438133,Delhi,1,42.201,1204,42.195175,2779,Tier_1_Product_City_Median,42.201
402828,Mumbai,1,69.12415,9,68.3915,333,Tier_1_Product_City_Median,69.12415
162,Bengaluru,1,58.247795,308,60.45002,21897,Tier_1_Product_City_Median,58.247795
483592,Mumbai,2,67.96801,301,67.968,1487,Tier_1_Product_City_Median,67.96801
488062,HR-NCR,5,349.997,40,349.997,179,Tier_1_Product_City_Median,349.997
440052,Mumbai,2,227.59999,31,198.20142,778,Tier_1_Product_City_Median,227.59999
395361,Delhi,1,677.7018,19,676.285625,26,Tier_1_Product_City_Median,677.7018
474820,HR-NCR,5,0.0,57,0.0,92,Tier_1_Product_City_Median,0.0
43601,Delhi,5,89.22166,53,89.22166,108,Tier_1_Product_City_Median,89.22166
481660,Delhi,1,91.002,103,91.00199,153,Tier_1_Product_City_Median,91.002
442813,HR-NCR,1,69.9976,2,69.99759,7,Tier_1_Product_City_Median,69.9976
483968,HR-NCR,3,69.9976,3,69.9976,3,Tier_1_Product_City_Median,69.9976
437963,Delhi,1,49.88,10,49.890203,518,Tier_1_Product_City_Median,49.88
392669,Delhi,1,13.003201,8,13.003201,128,Tier_1_Product_City_Median,13.003201
402876,HR-NCR,1,213.10628,15,213.10628,16,Tier_1_Product_City_Median,213.10628
403773,HR-NCR,2,17.793998,17,8.897008,51,Tier_1_Product_City_Median,17.793998
440210,HR-NCR,2,40.3206,7,40.3206,26,Tier_1_Product_City_Median,40.3206
438889,Delhi,1,199.38571,2,198.25688,17,Tier_1_Product_City_Median,199.38571
438893,Delhi,1,321.45496,5,321.45493,9,Tier_1_Product_City_Median,321.45496
379848,Delhi,1,71.5995,3,71.5995,3,Tier_1_Product_City_Median,71.5995
448439,Delhi,1,105.33763,1,105.33763,2,Tier_1_Product_City_Median,105.33763
17162,Delhi,4,157.495,166,157.495,241,Tier_1_Product_City_Median,157.495
391906,HR-NCR,3,434.61853,34,434.61856,126,Tier_1_Product_City_Median,434.61853
481681,Delhi,4,55.460003,1694,55.460003,3780,Tier_1_Product_City_Median,55.460003
483668,Delhi,1,121.74816,540,121.748154,1051,Tier_1_Product_City_Median,121.74816
45642,Delhi,1,37.173466,869,37.76,1833,Tier_1_Product_City_Median,37.173466
481663,Delhi,3,104.996,315,104.996,454,Tier_1_Product_City_Median,104.996
402106,Bengaluru,1,83.001,39,83.001,109,Tier_1_Product_City_Median,83.001
480398,Delhi,3,60.003002,220,60.003002,1510,Tier_1_Product_City_Median,60.003002
89130,Delhi,1,370.8883,28,370.92496,328,Tier_1_Product_City_Median,370.8883
479517,Delhi,1,218.39906,118,218.39912,165,Tier_1_Product_City_Median,218.39906
456143,Delhi,3,35.997,77,35.997,258,Tier_1_Product_City_Median,35.997
38272,Delhi,1,192.5,109,192.49901,266,Tier_1_Product_City_Median,192.5
376513,Bengaluru,4,47.04,21,47.04,24,Tier_1_Product_City_Median,47.04
425794,Delhi,1,332.81168,57,332.7815,197,Tier_1_Product_City_Median,332.81168
359996,Bengaluru,1,119.05334,28,119.997765,66,Tier_1_Product_City_Median,119.05334
462670,Bengaluru,1,30.262161,27,30.262,117,Tier_1_Product_City_Median,30.262161
409108,Bengaluru,2,69.47801,143,69.478,226,Tier_1_Product_City_Median,69.47801
392666,Delhi,1,899.9985,7,899.9985,41,Tier_1_Product_City_Median,899.9985
346041,Delhi,1,154.47533,30,154.47533,56,Tier_1_Product_City_Median,154.47533
402222,Delhi,2,78.89594,8,78.89594,10,Tier_1_Product_City_Median,78.89594
428945,HR-NCR,1,259.6,10,259.6,19,Tier_1_Product_City_Median,259.6
424470,HR-NCR,1,284.1514,10,284.1539,51,Tier_1_Product_City_Median,284.1514
473078,Delhi,2,38.503,1034,38.503,2164,Tier_1_Product_City_Median,38.503
402899,Delhi,2,100.00686,56,100.00686,108,Tier_1_Product_City_Median,100.00686
395715,Bengaluru,2,54.99901,53,54.99901,53,Tier_1_Product_City_Median,54.99901
480998,Mumbai,3,48.875996,111,48.875996,735,Tier_1_Product_City_Median,48.875996
440211,Delhi,3,32.20202,10,32.20202,12,Tier_1_Product_City_Median,32.20202
407573,HR-NCR,7,25.096807,156,25.097937,913,Tier_1_Product_City_Median,25.096807
425137,Delhi,1,296.2523,137,296.25223,258,Tier_1_Product_City_Median,296.2523
446417,Delhi,3,249.1654,8,249.1654,14,Tier_1_Product_City_Median,249.1654
426277,Mumbai,1,131.73922,52,131.73922,216,Tier_1_Product_City_Median,131.73922
20036,Delhi,1,1346.9805,9,1477.4028,54,Tier_1_Product_City_Median,1346.9805
380110,Delhi,1,21.7469475,22,21.747,277,Tier_1_Product_City_Median,21.7469475
312971,Delhi,1,88.475787,20,88.47579,34,Tier_1_Product_City_Median,88.475787
101645,HR-NCR,1,83.29474,10,96.98525,155,Tier_1_Product_City_Median,83.29474
458661,Delhi,2,89.264,20,89.264,26,Tier_1_Product_City_Median,89.264
428992,Delhi,2,90.0032,7,90.0032,7,Tier_1_Product_City_Median,90.0032
483436,Delhi,4082,0.012,11,0.012,562,Tier_1_Product_City_Median,0.012
427387,Delhi,1,124.0624,6,124.0624,16,Tier_1_Product_City_Median,124.0624
34964,Delhi,1,115.310326,7,133.667105,44,Tier_1_Product_City_Median,115.310326
442814,Delhi,1,150.0016,2,150.0016,19,Tier_1_Product_City_Median,150.0016
466044,Mumbai,2,137.51984,60,137.51793,122,Tier_1_Product_City_Median,137.51984
368780,Delhi,11,17.0,320,17.0,1132,Tier_1_Product_City_Median,17.0
10678,Bengaluru,1,94.41201,473,94.412,711,Tier_1_Product_City_Median,94.41201
106825,Bengaluru,1,94.56301,569,94.56301,3391,Tier_1_Product_City_Median,94.56301
82,Delhi,13,49.14,315,49.14,478,Tier_1_Product_City_Median,49.14
107212,HR-NCR,1,307.68503,4,307.68503,15,Tier_1_Product_City_Median,307.68503
401997,HR-NCR,4,41.246998,205,41.24886,570,Tier_1_Product_City_Median,41.246998
482732,Delhi,2,209.297,154,209.297,259,Tier_1_Product_City_Median,209.297
432588,Bengaluru,2,116.348,181,116.348,1142,Tier_1_Product_City_Median,116.348
475635,HR-NCR,1,56.249100999999996,174,56.248077,858,Tier_1_Product_City_Median,56.249100999999996
488061,HR-NCR,7,349.99698,53,349.99698,434,Tier_1_Product_City_Median,349.99698
365722,Delhi,3,93.89513,121,93.89512,210,Tier_1_Product_City_Median,93.89513
126181,Bengaluru,1,47.495,198,47.4951,356,Tier_1_Product_City_Median,47.495
438090,Delhi,1,163.324,22,163.324,30,Tier_1_Product_City_Median,163.324
121337,Delhi,1,30.796537,15,30.796537,24,Tier_1_Product_City_Median,30.796537
477826,Delhi,1,198.00398,44,212.39998,183,Tier_1_Product_City_Median,198.00398
476121,Bengaluru,1,87.493996,21,87.493996,52,Tier_1_Product_City_Median,87.493996
438458,Mumbai,1,132.51364,31,132.458,92,Tier_1_Product_City_Median,132.51364
487700,HR-NCR,1,299.6896,2,299.6896,2,Tier_1_Product_City_Median,299.6896
355469,HR-NCR,1,16.494999,9,16.494999,42,Tier_1_Product_City_Median,16.494999
440241,Mumbai,2,148.55191,5,138.00168,27,Tier_1_Product_City_Median,148.55191
392680,Bengaluru,1,99.982574,10,92.21272,21,Tier_1_Product_City_Median,99.982574
445332,Delhi,1,459.9994,20,459.9994,63,Tier_1_Product_City_Median,459.9994
402181,Delhi,1,73.394005,8,75.78807,37,Tier_1_Product_City_Median,73.394005
355840,Mumbai,5,81.995,7,81.99501,31,Tier_1_Product_City_Median,81.995
462669,HR-NCR,1,36.758,8,36.758007,95,Tier_1_Product_City_Median,36.758
440246,Delhi,2,74.003995,10,74.00399,14,Tier_1_Product_City_Median,74.003995
428948,Mumbai,1,328.90400999999997,4,277.996,16,Tier_1_Product_City_Median,328.90400999999997
439210,Bengaluru,3,31.203,1080,31.203,5167,Tier_1_Product_City_Median,31.203
19206,Bengaluru,1,53.572,503,51.771988,2103,Tier_1_Product_City_Median,53.572
475488,Delhi,4,416.50497,105,416.50386000000003,164,Tier_1_Product_City_Median,416.50497
482198,Mumbai,3,209.99898,154,210.0,604,Tier_1_Product_City_Median,209.99898
480579,HR-NCR,1,30.003795,1454,30.001537,7235,Tier_1_Product_City_Median,30.003795
417409,Delhi,1,165.13937,21,164.99927,59,Tier_1_Product_City_Median,165.13937
405836,Delhi,1,56.522,217,56.522,407,Tier_1_Product_City_Median,56.522
481674,HR-NCR,3,67.685,479,67.685,1342,Tier_1_Product_City_Median,67.685
157237,Mumbai,3,29.17,279,29.180223,6526,Tier_1_Product_City_Median,29.17
479461,Delhi,1,55.0,334,55.0,793,Tier_1_Product_City_Median,55.0
455293,Delhi,3,91.35,574,91.35,777,Tier_1_Product_City_Median,91.35
481671,HR-NCR,4,31.683,1513,31.683,4307,Tier_1_Product_City_Median,31.683
380448,Mumbai,5,33.9841,1839,33.984005,8507,Tier_1_Product_City_Median,33.9841
342178,Bengaluru,2,58.212227,16,58.0832,56,Tier_1_Product_City_Median,58.212227
486125,HR-NCR,162,68.807,88,68.807,2807,Tier_1_Product_City_Median,68.807
188635,HR-NCR,1,175.5,104,175.5,401,Tier_1_Product_City_Median,175.5
461017,HR-NCR,1,221.403,47,221.403,161,Tier_1_Product_City_Median,221.403
480933,Bengaluru,1,90.005,97,90.005,324,Tier_1_Product_City_Median,90.005
482431,Bengaluru,1,175.5,86,175.50002,669,Tier_1_Product_City_Median,175.5
481724,HR-NCR,2,97.91599,34,97.91599,87,Tier_1_Product_City_Median,97.91599
86620,HR-NCR,1,510.91257,19,510.91257,64,Tier_1_Product_City_Median,510.91257
77179,HR-NCR,1,168.75,64,168.75,352,Tier_1_Product_City_Median,168.75
43605,Delhi,2,134.95291,28,134.95291,49,Tier_1_Product_City_Median,134.95291
23769,Mumbai,2,83.87387,51,83.87387,51,Tier_1_Product_City_Median,83.87387
395360,Delhi,4,138.18735,34,148.58327,299,Tier_1_Product_City_Median,138.18735
394663,Delhi,2,186.82022,8,186.818,59,Tier_1_Product_City_Median,186.82022
293334,Delhi,1,104.961624,44,104.961624,82,Tier_1_Product_City_Median,104.961624
430829,HR-NCR,2,2218.35873,8,2217.67668,12,Tier_1_Product_City_Median,2218.35873
480094,HR-NCR,1,379.59402,18,379.59402,97,Tier_1_Product_City_Median,379.59402
445136,Delhi,1,155.99599,7,155.995995,30,Tier_1_Product_City_Median,155.99599
92301,Mumbai,2,99.11429,6,99.11429,21,Tier_1_Product_City_Median,99.11429
487689,HR-NCR,4,139.8536,10,139.8536,10,Tier_1_Product_City_Median,139.8536
437966,HR-NCR,1,84.0,6,84.0,52,Tier_1_Product_City_Median,84.0
129877,Mumbai,1,605.52893,3,605.5289,5,Tier_1_Product_City_Median,605.52893
19149,Bengaluru,1,10.0,5,15.0,14,Tier_1_Product_City_Median,10.0
484423,Delhi,1,93.59746200000001,8,93.598,11,Tier_1_Product_City_Median,93.59746200000001
446172,Mumbai,2,351.52835,488,351.52814,937,Tier_1_Product_City_Median,351.52835
480633,Delhi,3,156.954,178,156.954,361,Tier_1_Product_City_Median,156.954
35015,Delhi,5,128.02982,191,128.02982,379,Tier_1_Product_City_Median,128.02982
19934,Bengaluru,1,35.49654,1118,35.49654,1118,Tier_1_Product_City_Median,35.49654
391755,Delhi,1,499.15,71,499.15,71,Tier_1_Product_City_Median,499.15
482766,Bengaluru,1,172.08,302,172.08,1153,Tier_1_Product_City_Median,172.08
460867,Bengaluru,1,96.388435,259,96.389775,836,Tier_1_Product_City_Median,96.388435
482790,Bengaluru,6,62.528004,248,62.5282,2081,Tier_1_Product_City_Median,62.528004
365661,HR-NCR,1,129.80031,27,129.79326,135,Tier_1_Product_City_Median,129.80031
67852,Delhi,1,430.97513,23,431.0044,54,Tier_1_Product_City_Median,430.97513
430512,Delhi,1,19.246334,33,38.492,847,Tier_1_Product_City_Median,19.246334
321412,Delhi,1,104.42458,66,104.42785,480,Tier_1_Product_City_Median,104.42458
474089,Delhi,2,237.25,61,237.25,199,Tier_1_Product_City_Median,237.25
482922,Mumbai,2,104.30001,40,104.30001,270,Tier_1_Product_City_Median,104.30001
395122,Delhi,1,339.51828,198,339.509925,458,Tier_1_Product_City_Median,339.51828
465551,HR-NCR,1,24.146997,20,24.146997,49,Tier_1_Product_City_Median,24.146997
440216,Delhi,3,34.73265,17,34.73265,25,Tier_1_Product_City_Median,34.73265
481702,Mumbai,1,80.854,202,88.204994,429,Tier_1_Product_City_Median,80.854
28215,Mumbai,1,51.195507,57,51.2,802,Tier_1_Product_City_Median,51.195507
10750,Mumbai,5,102.98328,13,84.7661,91,Tier_1_Product_City_Median,102.98328
400791,Bengaluru,1,959.20197,19,959.20197,78,Tier_1_Product_City_Median,959.20197
435973,Delhi,1,322.74463,21,322.74463,24,Tier_1_Product_City_Median,322.74463
365588,Delhi,1,461.23004,3,461.229,28,Tier_1_Product_City_Median,461.23004
67214,HR-NCR,2,162.01733,9,162.01733,51,Tier_1_Product_City_Median,162.01733
379845,Bengaluru,1,145.95,11,145.95,22,Tier_1_Product_City_Median,145.95
376278,Delhi,1,38.460804,2,38.460796,35,Tier_1_Product_City_Median,38.460804
388431,Mumbai,1,106.05139,4,104.95294,10,Tier_1_Product_City_Median,106.05139
53304,Bengaluru,4,46.481162999999995,688,46.498838,5654,Tier_1_Product_City_Median,46.481162999999995
35025,Bengaluru,1,42.985996,1166,42.985996,3215,Tier_1_Product_City_Median,42.985996
200520,HR-NCR,2,504.94498,636,504.94498,1968,Tier_1_Product_City_Median,504.94498
481672,HR-NCR,1,39.695347,878,39.695007,2087,Tier_1_Product_City_Median,39.695347
481566,Delhi,5,161.851,195,161.851,467,Tier_1_Product_City_Median,161.851
482730,Delhi,5,176.29655,438,170.87843,788,Tier_1_Product_City_Median,176.29655
480951,HR-NCR,3,60.003,281,60.003,754,Tier_1_Product_City_Median,60.003
89,Delhi,1,73.41277,15,73.41277,19,Tier_1_Product_City_Median,73.41277
392669,Bengaluru,3,13.003201,119,13.003201,128,Tier_1_Product_City_Median,13.003201
481000,Mumbai,1,30.849,172,30.849003,962,Tier_1_Product_City_Median,30.849
365664,Delhi,1,42.12602,24,42.12602,32,Tier_1_Product_City_Median,42.12602
405921,Mumbai,2,106.39463,16,114.22399,39,Tier_1_Product_City_Median,106.39463
33545,Mumbai,1,407.0055,32,412.504,599,Tier_1_Product_City_Median,407.0055
462673,Delhi,1,30.262,26,30.262001,62,Tier_1_Product_City_Median,30.262
279433,Bengaluru,1,151.99702,7,151.99794,26,Tier_1_Product_City_Median,151.99702
17493,Mumbai,1,81.74974,11,81.74958,1265,Tier_1_Product_City_Median,81.74974
445667,Delhi,1,48.913673,6,48.913673,7,Tier_1_Product_City_Median,48.913673
475642,HR-NCR,11,37.500004,1532,37.500004,5930,Tier_1_Product_City_Median,37.500004
389929,Delhi,1,203.1686,226,203.1686,288,Tier_1_Product_City_Median,203.1686
111636,Mumbai,1,103.9500075,276,103.94999,1852,Tier_1_Product_City_Median,103.9500075
480900,Delhi,6,60.0,538,59.918518,800,Tier_1_Product_City_Median,60.0
475773,HR-NCR,1,84.67427,180,84.67503,901,Tier_1_Product_City_Median,84.67427
128,Bengaluru,3,132.29,251,129.345,1760,Tier_1_Product_City_Median,132.29
488060,Bengaluru,20,210.0,239,210.0,553,Tier_1_Product_City_Median,210.0
435972,Delhi,2,300.00565,45,300.0041,120,Tier_1_Product_City_Median,300.00565
15470,Delhi,6,17.940054,135,17.94,512,Tier_1_Product_City_Median,17.940054
439800,Delhi,1,54.915207,57,54.915207,81,Tier_1_Product_City_Median,54.915207
391784,HR-NCR,6,18.978157,135,18.978157,1136,Tier_1_Product_City_Median,18.978157
480702,HR-NCR,2,69.301,111,69.301,313,Tier_1_Product_City_Median,69.301
482109,Delhi,13,72.794,222,72.9946,2134,Tier_1_Product_City_Median,72.794
136594,HR-NCR,1,192.505,86,192.505,329,Tier_1_Product_City_Median,192.505
108925,HR-NCR,2,281.92102,25,280.002,69,Tier_1_Product_City_Median,281.92102
440036,Mumbai,2,251.50928,25,323.958365,218,Tier_1_Product_City_Median,251.50928
398923,Delhi,1,167.41988,5,167.41988,28,Tier_1_Product_City_Median,167.41988
440239,Delhi,1,138.00174,11,138.0019,51,Tier_1_Product_City_Median,138.00174
445383,Delhi,1,25.016,5,25.016,7,Tier_1_Product_City_Median,25.016
405921,HR-NCR,1,114.22399,17,114.22399,39,Tier_1_Product_City_Median,114.22399
391905,Delhi,2,108.87778,20,108.87778,39,Tier_1_Product_City_Median,108.87778
376514,Mumbai,1,97.1893,3,77.14561,8,Tier_1_Product_City_Median,97.1893
415763,Delhi,2,144.69011,532,144.6827,2542,Tier_1_Product_City_Median,144.69011
481670,HR-NCR,7,28.084003,1090,28.084002,2656,Tier_1_Product_City_Median,28.084003
440212,Delhi,2,32.48539,19,32.485395,22,Tier_1_Product_City_Median,32.48539
390701,HR-NCR,18,32.173935,191,32.173935,681,Tier_1_Product_City_Median,32.173935
483594,Delhi,1,72.02366,1019,72.75162,2476,Tier_1_Product_City_Median,72.02366
376784,Bengaluru,1,63.513495,72,61.87489,122,Tier_1_Product_City_Median,63.513495
480420,HR-NCR,1,135.995,164,119.00302,965,Tier_1_Product_City_Median,135.995
481625,Mumbai,7,40.12,453,40.12,2059,Tier_1_Product_City_Median,40.12
481675,HR-NCR,1,63.719997,770,63.72,3349,Tier_1_Product_City_Median,63.719997
130242,Delhi,2,333.31436,133,333.54608,271,Tier_1_Product_City_Median,333.31436
424192,HR-NCR,1,16.005,108,16.005,2517,Tier_1_Product_City_Median,16.005
480943,Delhi,1,124.997,148,124.997,295,Tier_1_Product_City_Median,124.997
448089,Bengaluru,1,84.0,160,84.0,804,Tier_1_Product_City_Median,84.0
364837,HR-NCR,2,94.834045,37,94.83699,171,Tier_1_Product_City_Median,94.834045
20170,Bengaluru,2,89.35,296,89.349365,1717,Tier_1_Product_City_Median,89.35
488059,Delhi,40,349.99698,116,349.99695,184,Tier_1_Product_City_Median,349.99698
481733,Delhi,1,101.397,134,101.397,404,Tier_1_Product_City_Median,101.397
482794,Bengaluru,1,84.948,76,84.948,758,Tier_1_Product_City_Median,84.948
381989,Delhi,10,16.8,165,16.8,617,Tier_1_Product_City_Median,16.8
81280,Bengaluru,2,25.107016,35,25.107016,76,Tier_1_Product_City_Median,25.107016
438654,Delhi,1,27.003197,7,27.003134,43,Tier_1_Product_City_Median,27.003197
481664,HR-NCR,2,138.74562,82,138.74599,309,Tier_1_Product_City_Median,138.74562
390703,Delhi,4,29.988003,29,30.470816,115,Tier_1_Product_City_Median,29.988003
407171,HR-NCR,1,64.00319,34,64.00319,129,Tier_1_Product_City_Median,64.00319
443258,HR-NCR,1,228.247,13,228.247,65,Tier_1_Product_City_Median,228.247
428970,Delhi,1,437.76825,28,437.76825,47,Tier_1_Product_City_Median,437.76825
479903,HR-NCR,1,129.505,20,129.505,115,Tier_1_Product_City_Median,129.505
376509,Bengaluru,1,54.566082,9,54.5664,21,Tier_1_Product_City_Median,54.566082
435977,Delhi,1,326.846325,10,326.08255,11,Tier_1_Product_City_Median,326.846325
442815,Delhi,1,95.0018,4,95.0018,5,Tier_1_Product_City_Median,95.0018
455939,Bengaluru,1,142.89021,6,143.276,26,Tier_1_Product_City_Median,142.89021
35471,Delhi,1,542.505,2,542.505,2,Tier_1_Product_City_Median,542.505
476789,HR-NCR,2,74.245,1,74.245,8,Tier_1_Product_City_Median,74.245
480033,Delhi,1,63.75,922,63.75,1388,Tier_1_Product_City_Median,63.75
239140,Delhi,1,117.99464,72,118.003006,195,Tier_1_Product_City_Median,117.99464
480589,HR-NCR,2,32.0,1149,32.0,3373,Tier_1_Product_City_Median,32.0
192034,Delhi,2,66.734764,214,66.577866,537,Tier_1_Product_City_Median,66.734764
481201,Delhi,1,41.499992,1170,41.499992,1989,Tier_1_Product_City_Median,41.499992
482790,Delhi,1,62.528,847,62.5282,2081,Tier_1_Product_City_Median,62.528
480993,Mumbai,2,41.324,157,41.324,1049,Tier_1_Product_City_Median,41.324
10488,Delhi,10,28.506754,266,28.506754,381,Tier_1_Product_City_Median,28.506754
483694,Delhi,970,0.0,1303,0.0,2205,Tier_1_Product_City_Median,0.0
370321,Delhi,1,12.005696,159,12.005696,409,Tier_1_Product_City_Median,12.005696
481691,Mumbai,1,99.00199,508,99.00199,508,Tier_1_Product_City_Median,99.00199
380100,Delhi,1,15.392379,131,15.394823,265,Tier_1_Product_City_Median,15.392379
34330,Mumbai,1,83.877014,68,83.877,88,Tier_1_Product_City_Median,83.877014
12246,HR-NCR,1,209.255,58,209.255,365,Tier_1_Product_City_Median,209.255
481716,HR-NCR,3,56.250996,74,56.250996,237,Tier_1_Product_City_Median,56.250996
481229,Delhi,1,18.502,172,18.501999,594,Tier_1_Product_City_Median,18.502
462672,Mumbai,1,30.26236,22,30.2621815,66,Tier_1_Product_City_Median,30.26236
25738,Delhi,1,28.131,75,28.130999,132,Tier_1_Product_City_Median,28.131
474089,Bengaluru,1,237.25,53,237.25,199,Tier_1_Product_City_Median,237.25
477314,Delhi,1,13.204,104,13.204001,651,Tier_1_Product_City_Median,13.204
33546,Bengaluru,1,412.504,89,412.504,626,Tier_1_Product_City_Median,412.504
400432,Bengaluru,2,217.0,18,217.0,23,Tier_1_Product_City_Median,217.0
391296,Delhi,1,146.155145,14,146.15472,40,Tier_1_Product_City_Median,146.155145
376278,Bengaluru,2,38.460796,30,38.460796,35,Tier_1_Product_City_Median,38.460796
428903,Delhi,5,40.04197,15,40.04197,21,Tier_1_Product_City_Median,40.04197
439226,Delhi,1,265.1103,7,265.1103,9,Tier_1_Product_City_Median,265.1103
122335,Delhi,1,151.14403,17,181.831895,424,Tier_1_Product_City_Median,151.14403
457034,Delhi,1,42.1307445,4,42.089706,9,Tier_1_Product_City_Median,42.1307445
367258,Mumbai,1,88.02709,3,86.79337,16,Tier_1_Product_City_Median,88.02709
400718,Delhi,1,177.88327,755,169.50377,1603,Tier_1_Product_City_Median,177.88327
446068,Delhi,1,187.49994500000003,130,187.49986,236,Tier_1_Product_City_Median,187.49994500000003
480991,Mumbai,4,41.017,173,41.017,2271,Tier_1_Product_City_Median,41.017
438258,Bengaluru,4,72.005997,554,72.006009,2425,Tier_1_Product_City_Median,72.005997
480992,Mumbai,7,41.3,140,41.3,1407,Tier_1_Product_City_Median,41.3
481360,Delhi,1,29.998,272,29.998,976,Tier_1_Product_City_Median,29.998
19336,Delhi,1,38.499454,45,38.503,177,Tier_1_Product_City_Median,38.499454
364703,Delhi,1,59.9988,50,59.9988,97,Tier_1_Product_City_Median,59.9988
440243,Delhi,2,96.001564,15,96.001656,66,Tier_1_Product_City_Median,96.001564
415849,Delhi,3,278.4002,30,278.4002,47,Tier_1_Product_City_Median,278.4002
38279,Delhi,2,53.928303,173,53.899685,633,Tier_1_Product_City_Median,53.928303
481545,Bengaluru,2,111.746,193,111.746,1008,Tier_1_Product_City_Median,111.746
301936,Bengaluru,2,64.54559499999999,4,64.5456,22,Tier_1_Product_City_Median,64.54559499999999
482528,Mumbai,1,84.0,14,83.998374,1789,Tier_1_Product_City_Median,84.0
371034,Mumbai,34,68.576324,58,68.576324,58,Tier_1_Product_City_Median,68.576324
10796,Delhi,1,196.451505,26,194.24623,35,Tier_1_Product_City_Median,196.451505
483438,Delhi,3348,0.012,10,0.012,31,Tier_1_Product_City_Median,0.012
18481,HR-NCR,1,78.92005,47,78.978806,302,Tier_1_Product_City_Median,78.92005
479194,Delhi,1,31.202997,67,31.203001,722,Tier_1_Product_City_Median,31.202997
793,Delhi,2,141.75,28,141.75,60,Tier_1_Product_City_Median,141.75
446165,Delhi,1,87.96901,13,87.96901,24,Tier_1_Product_City_Median,87.96901
439176,Delhi,1,162.79182,6,162.673185,18,Tier_1_Product_City_Median,162.79182
457270,HR-NCR,1,67.60494,5,67.60494,19,Tier_1_Product_City_Median,67.60494
439664,HR-NCR,1,236.20795,9,236.20796,15,Tier_1_Product_City_Median,236.20795
18854,Mumbai,3,61.750744,5,66.29332,31273,Tier_1_Product_City_Median,61.750744
10791,HR-NCR,1,248.24225,2,216.4845,17,Tier_1_Product_City_Median,248.24225
445670,Delhi,1,101.9992,7,101.9992,8,Tier_1_Product_City_Median,101.9992
372071,HR-NCR,1,82.0075275,2,75.603935,24,Tier_1_Product_City_Median,82.0075275
372061,Delhi,1,69.384,2,69.384,7,Tier_1_Product_City_Median,69.384
453065,Delhi,9,123.749,870,123.749,2983,Tier_1_Product_City_Median,123.749
483592,Delhi,15,67.968,720,67.968,1487,Tier_1_Product_City_Median,67.968
108655,Delhi,4,111.805,3769,111.805,5228,Tier_1_Product_City_Median,111.805
482178,Delhi,1,185.302,236,185.303,872,Tier_1_Product_City_Median,185.302
380093,Bengaluru,1,12.318844,220,11.586773,909,Tier_1_Product_City_Median,12.318844
438119,HR-NCR,1,343.4701,10,343.5977,47,Tier_1_Product_City_Median,343.4701
429694,Bengaluru,9,42.998,1046,43.05287,24696,Tier_1_Product_City_Median,42.998
390679,Delhi,1,12.953748,160,13.125097,491,Tier_1_Product_City_Median,12.953748
360601,Bengaluru,9,49.0,425,49.0,1732,Tier_1_Product_City_Median,49.0
13403,HR-NCR,1,224.24602,52,224.24602,137,Tier_1_Product_City_Median,224.24602
481676,Bengaluru,1,92.04,260,92.04,1046,Tier_1_Product_City_Median,92.04
368388,Mumbai,1,77.00155,160,77.0011,830,Tier_1_Product_City_Median,77.00155
372072,Mumbai,1,103.90655,8,101.51074,21,Tier_1_Product_City_Median,103.90655
86663,Delhi,2,993.31104,45,993.52857,110,Tier_1_Product_City_Median,993.31104
483593,Mumbai,1,70.0692,109,70.066666,576,Tier_1_Product_City_Median,70.0692
427370,Delhi,2,38.606396,5,38.606396,11,Tier_1_Product_City_Median,38.606396
428872,Delhi,5,51.254005,75,51.254005,126,Tier_1_Product_City_Median,51.254005
475676,Mumbai,1,279.306,12,279.306,70,Tier_1_Product_City_Median,279.306
488157,Delhi,1,119.9824,79,119.9824,147,Tier_1_Product_City_Median,119.9824
114,HR-NCR,1,119.99978,155,119.997,816,Tier_1_Product_City_Median,119.99978
445913,Delhi,2,151.5117,55,151.5117,73,Tier_1_Product_City_Median,151.5117
379847,Mumbai,2,145.94998,10,145.94998,22,Tier_1_Product_City_Median,145.94998
440242,Delhi,1,96.00173,9,96.00173,72,Tier_1_Product_City_Median,96.00173
428641,Delhi,1,39.828762,11,39.828762,16,Tier_1_Product_City_Median,39.828762
462674,Delhi,1,30.262001,18,30.262001,54,Tier_1_Product_City_Median,30.262001
146296,HR-NCR,5,38.998,33,38.998,159,Tier_1_Product_City_Median,38.998
391784,Bengaluru,5,17.997564,37,18.978157,1136,Tier_1_Product_City_Median,17.997564
442962,Delhi,1,157.5,12,157.5,17,Tier_1_Product_City_Median,157.5
5694,Delhi,1,182.32863,4,182.32863,13,Tier_1_Product_City_Median,182.32863
439173,Delhi,1,188.0032,10,188.0032,35,Tier_1_Product_City_Median,188.0032
475675,Mumbai,1,346.494,1,346.494,3,Tier_1_Product_City_Median,346.494
457032,Delhi,1,49.4062995,8,49.630035,11,Tier_1_Product_City_Median,49.4062995
440135,Delhi,1,910.91293,6,910.913,12,Tier_1_Product_City_Median,910.91293
439181,Delhi,2,125.574394,3,125.5744,15,Tier_1_Product_City_Median,125.574394
488058,Bengaluru,31,,,349.99695,170,Tier_2_Product_Median,349.99695
24453,HR-NCR,2,,,162.557,8,Tier_2_Product_Median,162.557
406016,Mumbai,1,,,74.55,1,Tier_2_Product_Median,74.55
485435,Delhi,1,,,0.022,1,Tier_2_Product_Median,0.022
486016,HR-NCR,672,,,,,UNRESOLVED_NO_HISTORY,
300779,Delhi,1,,,,,UNRESOLVED_NO_HISTORY,
488059,Bengaluru,115,,,349.99695,184,Tier_2_Product_Median,349.99695
439648,HR-NCR,1,,,79.59761,40,Tier_2_Product_Median,79.59761
376540,Mumbai,1,,,,,UNRESOLVED_NO_HISTORY,
366082,Bengaluru,1,,,,,UNRESOLVED_NO_HISTORY,
488062,Bengaluru,135,,,349.997,179,Tier_2_Product_Median,349.997
486018,Delhi,4597,,,,,UNRESOLVED_NO_HISTORY,
487957,HR-NCR,3,,,,,UNRESOLVED_NO_HISTORY,
478908,Mumbai,58,,,0.001,12,Tier_2_Product_Median,0.001
486016,Delhi,2452,,,,,UNRESOLVED_NO_HISTORY,
486018,HR-NCR,2574,,,,,UNRESOLVED_NO_HISTORY,
378056,Mumbai,1,,,386.44235,1,Tier_2_Product_Median,386.44235
486377,Bengaluru,1205,,,,,UNRESOLVED_NO_HISTORY,
439613,HR-NCR,1,,,49.0,9,Tier_2_Product_Median,49.0
486376,Delhi,10846,,,,,UNRESOLVED_NO_HISTORY,
486016,Mumbai,3744,,,,,UNRESOLVED_NO_HISTORY,
483695,Mumbai,1487,,,0.004,12,Tier_2_Product_Median,0.004
483436,Mumbai,6780,,,0.012,562,Tier_2_Product_Median,0.012
478908,Bengaluru,51,,,0.001,12,Tier_2_Product_Median,0.001
486377,Delhi,2692,,,,,UNRESOLVED_NO_HISTORY,
487701,HR-NCR,5,,,,,UNRESOLVED_NO_HISTORY,
487959,HR-NCR,1,,,,,UNRESOLVED_NO_HISTORY,
416291,Mumbai,1,,,,,UNRESOLVED_NO_HISTORY,
475259,Mumbai,1,,,,,UNRESOLVED_NO_HISTORY,
483694,HR-NCR,413,,,0.0,2205,Tier_2_Product_Median,0.0
488059,Mumbai,44,,,349.99695,184,Tier_2_Product_Median,349.99695
478908,HR-NCR,46,,,0.001,12,Tier_2_Product_Median,0.001
486017,Mumbai,3913,,,,,UNRESOLVED_NO_HISTORY,
486376,HR-NCR,7554,,,,,UNRESOLVED_NO_HISTORY,
482235,HR-NCR,2,,,,,UNRESOLVED_NO_HISTORY,
486377,HR-NCR,1606,,,,,UNRESOLVED_NO_HISTORY,
488063,Bengaluru,146,,,349.9969,307,Tier_2_Product_Median,349.9969
